URL,Start Time,End Time
01i68fQIo1o, 100.000, 110.000
02Nbja5DOMs, 10.000, 20.000
0498hy13o1E, 10.000, 20.000
04RC7-oGGkc, 30.000, 40.000
05rXA1rZEdw, 10.000, 20.000
0CK-Bk-3j6o, 30.000, 40.000
0HCX9M3lo44, 7.000, 17.000
0IMorrErsv0, 50.000, 60.000
0IqfdY1oxmM, 70.000, 80.000
0J64KP79xkM, 30.000, 40.000
0JqaCkohyek, 10.000, 20.000
0L9F7PAINqo, 350.000, 360.000
0NvRnSZo_yw, 0.000, 10.000
0SrJ2zPEqLs, 30.000, 40.000
0WnknjrATdA, 40.000, 50.000
0be2VHPptTU, 30.000, 40.000
0dQdY_-Fh6I, 30.000, 40.000
0f2RYGzn0rM, 0.000, 10.000
0flU_95jm8E, 50.000, 60.000
0gXyg9t-flg, 10.000, 20.000
0hhMx1pf-Fk, 30.000, 40.000
0i51hDY_RPA, 80.000, 90.000
0iNKa0JNcHc, 140.000, 150.000
0kNNcMSL-L0, 30.000, 40.000
0kiMXnnrKjg, 12.000, 22.000
0mgIsS0wKro, 30.000, 40.000
0o1SCyEcbMU, 10.000, 20.000
0oBDjq-2eLA, 30.000, 40.000
0oc608_yMjs, 10.000, 20.000
0owfgo9Ou3s, 30.000, 40.000
0re4hMMjJ8Q, 40.000, 50.000
0tot80uZKTg, 120.000, 130.000
0uU9PiR8_C8, 10.000, 20.000
0uuCpTLL594, 27.000, 37.000
0v7SOVeMw0g, 30.000, 40.000
0wSKUsufri4, 10.000, 20.000
0xqPlD6lM9o, 30.000, 40.000
0y69IaalTjY, 10.000, 20.000
0y_8qBo3aHE, 70.000, 80.000
1-pnc4lFWh0, 30.000, 40.000
10ILs3Dvgds, 10.000, 20.000
116C4_1OP5I, 50.000, 60.000
11gGfPTUZcE, 30.000, 40.000
129Fy2Z1ItY, 30.000, 40.000
12bmrnsbXq8, 140.000, 150.000
14TnxreMZJA, 140.000, 150.000
1BuCw43a4_o, 70.000, 80.000
1CLmuMFEgrM, 20.000, 30.000
1DHDME36lbE, 40.000, 50.000
1DKCgmEfcG0, 170.000, 180.000
1E_jzLpWNKM, 110.000, 120.000
1ID3aaxx8rM, 10.000, 20.000
1KvbsSNo4pk, 20.000, 30.000
1SKs3kD9Qwc, 10.000, 20.000
1SmKwFzdiqA, 40.000, 50.000
1TSkVdJ_knQ, 40.000, 50.000
1VEDNOWGNpU, 20.000, 30.000
1XFRteSfNpA, 0.000, 10.000
1XTHCpBJLFQ, 40.000, 50.000
1XTMCF1W_2I, 110.000, 120.000
1YMBETzN4O0, 0.000, 10.000
1YoChLI2bkg, 10.000, 20.000
1YwQWFBpxEg, 30.000, 40.000
1bGCnzs3yAs, 30.000, 40.000
1bOXPrzHVlc, 70.000, 80.000
1cM8k0GIRYA, 20.000, 30.000
1fWwI3ZXynY, 20.000, 30.000
1fYjCl2aGAs, 350.000, 360.000
1fZj2Z3lAfc, 10.000, 20.000
1iR8szT4Rj8, 250.000, 260.000
1jAenzgjybk, 60.000, 70.000
1jUZbxcxDww, 10.000, 20.000
1kJHT52A0kI, 110.000, 120.000
1kc968WZ9dw, 50.000, 60.000
1pAS7L-UIA4, 0.000, 10.000
1r_1teFn7n0, 130.000, 140.000
1rtQ_YOHDic, 70.000, 80.000
1tnGtngsDL8, 180.000, 190.000
1z2FeaSQq5c, 20.000, 30.000
2-2V3XHpBM8, 20.000, 30.000
2-2XyMKd2DI, 30.000, 40.000
2-TRXtJ6pqE, 50.000, 60.000
25LXKz3wBrk, 10.000, 20.000
25T5kgGeGqo, 170.000, 180.000
27UhSpK-3ug, 0.000, 10.000
27Vho54XD_A, 20.000, 30.000
27pVGh9xOr4, 10.000, 20.000
2C39wkiTRd0, 30.000, 40.000
2CUf1QVlaoo, 10.000, 20.000
2CWosdSn7nU, 0.000, 10.000
2CbiaYL-C0I, 0.000, 7.000
2DPaO74plcE, 270.000, 280.000
2IIvxnxWZ74, 50.000, 60.000
2JMeT79Jyh8, 80.000, 90.000
2KAXiIYmv54, 80.000, 90.000
2KI5DapHfgE, 20.000, 30.000
2KgFFhOTlR8, 20.000, 30.000
2LWnuPO7uOI, 20.000, 30.000
2MsODXwBdRY, 60.000, 70.000
2QK2TN8GZb0, 20.000, 30.000
2R2-qVlIiJ8, 20.000, 30.000
2Szgz8KxwaY, 10.000, 20.000
2U58abh4gt8, 40.000, 50.000
2WKbCMymnCM, 10.000, 20.000
2WP80d_q2W0, 40.000, 50.000
2ZnpFP5QXp8, 50.000, 60.000
2aTVSeC7bww, 30.000, 40.000
2bcpaKT6FiY, 0.000, 10.000
2gPPiLpAPNI, 30.000, 40.000
2gXN76J-Xa4, 80.000, 90.000
2iwKe2kO6mo, 30.000, 40.000
2pKkaUuZygE, 0.000, 10.000
2pdnlXllNZk, 80.000, 90.000
2rM5rZ4wTn8, 40.000, 50.000
2tXCYBl7yM0, 30.000, 40.000
2tZ7SSc8iG8, 10.000, 20.000
2vrDDsT7sYk, 20.000, 30.000
2xfPXH9VmaI, 130.000, 140.000
2ypt3bSUb8Y, 0.000, 10.000
31jKxU1mKAw, 40.000, 50.000
327kY5ibeuw, 110.000, 120.000
33REGRja5mw, 220.000, 230.000
34LwyZPAamw, 160.000, 170.000
3553HVNfiP8, 80.000, 90.000
35QHLato_mQ, 100.000, 110.000
37xr3DyPbwc, 10.000, 20.000
38MQRVvtdgM, 160.000, 170.000
399Vssvn81k, 40.000, 50.000
3CvJhpMHLTQ, 10.000, 20.000
3FwTm15bCoA, 40.000, 50.000
3GB6244ctmI, 0.000, 10.000
3GON9iqIH9A, 200.000, 210.000
3KLMI6Cw0u0, 10.000, 20.000
3OmhJ07aZa0, 140.000, 150.000
3P9NEcY_RW0, 30.000, 40.000
3Qxd3CDQkZ0, 20.000, 30.000
3REtdSdP1lI, 20.000, 30.000
3U7MgfDTL7Q, 130.000, 140.000
3UgpbhN0KJA, 50.000, 60.000
3UtQSxTY5og, 0.000, 10.000
3V7YL_zTgUo, 0.000, 10.000
3Vs6jCyH5vg, 10.000, 20.000
3XcIVh40pTI, 10.000, 20.000
3YYzHjvicFY, 50.000, 60.000
3_MGBiaAA2Q, 0.000, 10.000
3a-Yo8NApp4, 40.000, 50.000
3abg1iZDLTg, 330.000, 340.000
3cWjU38qgLk, 70.000, 80.000
3ccuMHzTJEk, 10.000, 20.000
3cwJLv-D_hI, 20.000, 30.000
3cxtM25ctw8, 170.000, 180.000
3dcKjAn4U6w, 10.000, 20.000
3ebNvNIrXoo, 20.000, 30.000
3epkOM1_9LY, 40.000, 50.000
3fX7-liyZj8, 40.000, 50.000
3fbmK7ru-2E, 70.000, 80.000
3hLcevjUyf4, 0.000, 10.000
3iKEm4hSO3A, 40.000, 50.000
3j0W67ZPNWs, 0.000, 10.000
3kJmzZDyCVs, 10.000, 20.000
3lbJzkctdDM, 30.000, 40.000
3m_dg2MH-FE, 0.000, 10.000
3ucmEhJGEAM, 20.000, 30.000
3ustxp7NTVk, 20.000, 30.000
3v1vELFlE7k, 0.000, 10.000
3y40oN-WDAo, 50.000, 60.000
4--Lpt3YPDc, 10.000, 20.000
40GvrkNyQR8, 20.000, 30.000
40ghjcpDJw8, 30.000, 40.000
44sr0dbl-xQ, 10.000, 20.000
46QE1mzOXIU, 30.000, 40.000
47bGsgYZDz8, 20.000, 30.000
4AOaHKXHyM0, 20.000, 30.000
4AumzfG6EIk, 20.000, 30.000
4BBnZnCFMzY, 20.000, 30.000
4BRIbrPdxjk, 0.000, 10.000
4BaAxF4XgO8, 20.000, 30.000
4C4dfeDruIw, 10.000, 20.000
4Dgsprnpcdg, 0.000, 10.000
4E7Ga-Izg_o, 10.000, 20.000
4H61msyILy8, 0.000, 10.000
4HEuzuFT8QE, 30.000, 40.000
4IH4KCTb6vQ, 10.000, 20.000
4J-rFIucO80, 0.000, 10.000
4M8CFX38RpQ, 30.000, 40.000
4NbM_GpEnl8, 20.000, 30.000
4Q0UocsJoz8, 0.000, 10.000
4S4U6XRvRVE, 10.000, 20.000
4Svg1BRlNH0, 70.000, 80.000
4TuC-NVwtPc, 50.000, 60.000
4UEkGKLB89Y, 0.000, 10.000
4Uhe-VX_jCU, 10.000, 20.000
4V0keQOlnH8, 40.000, 50.000
4VD4FGVS2nM, 10.000, 20.000
4VGaIXNUUfw, 0.000, 10.000
4WxFMhdbjRI, 20.000, 30.000
4YodC6RnplI, 70.000, 80.000
4ZlRt0UHWb8, 60.000, 70.000
4_C20Dw7G_4, 10.000, 20.000
4c5ZMqxb_ME, 0.000, 10.000
4hlGZVen7qk, 20.000, 30.000
4lX-X4gybCg, 30.000, 40.000
4oyLMO10V04, 10.000, 20.000
4qzELU-6jFI, 80.000, 90.000
4sI23gTzpws, 160.000, 170.000
4x38BmsSiVE, 30.000, 40.000
4z5t44gs6o4, 60.000, 70.000
577PkQbEZxA, 40.000, 50.000
58wK1QWGvtY, 110.000, 120.000
59MqKY5md9w, 20.000, 30.000
5Ax3jJOWVcQ, 0.000, 10.000
5BGmrV7_qVE, 0.000, 10.000
5EboRT7Dcaw, 90.000, 100.000
5G3LO8xL-Oo, 20.000, 30.000
5H4jT2dsIE4, 10.000, 20.000
5HkKl1QFyT4, 80.000, 90.000
5ICrq2XZjKo, 20.000, 30.000
5IqWQ6jEKqE, 60.000, 70.000
5OiAuv08tp4, 100.000, 110.000
5S2Zgvmw_5o, 30.000, 40.000
5S8tp0Q-UW8, 0.000, 10.000
5SSn1qmWOio, 0.000, 10.000
5XDKSC-LHmA, 30.000, 40.000
5_V4VNQs7v8, 20.000, 30.000
5_YSVFUjBOk, 0.000, 10.000
5cWQ9lZeJLQ, 10.000, 20.000
5hO-x2VUJc0, 10.000, 20.000
5lJZp5vyohk, 30.000, 40.000
5np6y-y6kBY, 30.000, 40.000
5rL0QdIHF6E, 40.000, 50.000
5rh5-MCjqq8, 30.000, 40.000
5tXq7Ptha-s, 80.000, 90.000
5uB3RSKKeB0, 20.000, 30.000
5xYRzfR22oc, 10.000, 20.000
5xz2heCSr-s, 40.000, 50.000
6-5jtj4ROqY, 30.000, 40.000
6-o0DEoZQZw, 0.000, 10.000
60LOdZIIUn4, 60.000, 70.000
61Vl5yTsyYg, 110.000, 120.000
61vdanMlQwQ, 20.000, 30.000
62LsxuBEhMo, 60.000, 70.000
642xIJH1IjY, 10.000, 20.000
67_FrupcCS4, 0.000, 10.000
6BQAAtGVJzc, 20.000, 30.000
6CSyJfYYBCs, 50.000, 60.000
6E55m6z8nmY, 220.000, 230.000
6FHECzSv6-c, 30.000, 40.000
6Go-n4JKtzM, 0.000, 10.000
6H3oX7XeKXs, 40.000, 50.000
6JvaRmV4GTs, 110.000, 120.000
6MYLrx4CqRA, 50.000, 60.000
6O0jYWFBYJY, 0.000, 10.000
6OYnVK1T8vo, 50.000, 60.000
6RBrKvTOLsI, 110.000, 120.000
6SDaSFPhZu8, 60.000, 70.000
6ZABu2G64ms, 0.000, 10.000
6ajlhNJVxJI, 0.000, 10.000
6h8x8NBok0o, 30.000, 40.000
6iwOOiYQAt0, 40.000, 50.000
6lVFdvOfZEI, 110.000, 120.000
6mBXQx14Luk, 40.000, 50.000
6r3wm6-62lk, 110.000, 120.000
6tjLSUMbPhg, 10.000, 20.000
6wcVDVP0rio, 60.000, 70.000
6xdLGyrbtJM, 0.000, 10.000
7-bN_karX3A, 110.000, 120.000
703lPJIvk2E, 190.000, 200.000
71L97wy61yo, 100.000, 110.000
71iXgJIvlTg, 80.000, 90.000
72_OfyS2fu8, 20.000, 30.000
72uM_Wz4ItI, 10.000, 20.000
73NVLEoDJoY, 60.000, 70.000
751QPB8mDAg, 0.000, 10.000
75Qn7yv-71A, 10.000, 20.000
78gtofXVH2I, 20.000, 30.000
7AZ7Y0fMwWk, 90.000, 100.000
7B86MZYEMXI, 20.000, 30.000
7BU0rD0m2bk, 20.000, 30.000
7BZU5bb3CbI, 50.000, 60.000
7CBWFErtB5U, 20.000, 30.000
7CYYfSXgyHc, 20.000, 30.000
7CnW8LQWGog, 30.000, 40.000
7FNPAo2SL1w, 20.000, 30.000
7Jnw5bs6vtA, 0.000, 10.000
7LVjivoNNzk, 0.000, 10.000
7ONYYoHFQvo, 30.000, 40.000
7PnbaD9fIjs, 180.000, 190.000
7TML1CDRbVo, 20.000, 30.000
7VSCcViVixw, 0.000, 10.000
7Wat_2UHu8o, 0.000, 10.000
7_S7ah7DLOE, 40.000, 50.000
7asxHxnNk4Y, 0.000, 10.000
7b3TCh2Sxq4, 90.000, 100.000
7b7yQgrmdic, 10.000, 20.000
7bHfgmUqHmQ, 20.000, 30.000
7gBrL9sSS3U, 90.000, 100.000
7gllf7x8Ktw, 0.000, 10.000
7lJcnWLf0Ho, 30.000, 40.000
7lkt4p4CsYM, 120.000, 130.000
7lupbLcKCrg, 0.000, 10.000
7p8KMaHHXnc, 190.000, 200.000
7pDPvcxpzbQ, 10.000, 20.000
7qBNr6OsgUQ, 10.000, 20.000
7ue27wIDoXg, 70.000, 80.000
7urP9pRcrik, 80.000, 90.000
7uwlgmP6Vb4, 70.000, 80.000
7wkR_gi-Quc, 90.000, 100.000
8-vETvf0F5A, 0.000, 10.000
80Rs3qQwpYY, 20.000, 30.000
827oM6vfjFQ, 20.000, 30.000
84i2xoVNSnI, 500.000, 510.000
84mYtnoKDAM, 50.000, 60.000
86PUjaAi_Kw, 0.000, 10.000
8AGm9K8brhw, 250.000, 260.000
8FBWM73r-oE, 200.000, 210.000
8GeQ1AxIqEw, 50.000, 60.000
8H17M_bRkYA, 60.000, 70.000
8HWM37_SG9g, 30.000, 40.000
8IfmSpOxs4g, 10.000, 20.000
8LGMa8FVWEo, 20.000, 30.000
8LlqQXg4T5k, 10.000, 20.000
8LvXZGk8wTE, 30.000, 40.000
8MPvzgy10BU, 10.000, 20.000
8OTqfTSoUL4, 0.000, 10.000
8QYtEt1w-8M, 70.000, 80.000
8TvWc_MHhwM, 10.000, 20.000
8UgR_Wui0s0, 0.000, 10.000
8WILg3mmfTA, 160.000, 170.000
8_Bb9gLQVSs, 160.000, 170.000
8_RtPyr5PpU, 10.000, 20.000
8_VfA3xlvNk, 40.000, 50.000
8_uJU2fLjKg, 20.000, 30.000
8b5VG6ky_Wo, 10.000, 20.000
8b64eo5MBKA, 40.000, 50.000
8bmaP25tJe4, 20.000, 30.000
8hYUn3tel9s, 20.000, 30.000
8jjvxPs-jUk, 60.000, 70.000
8kNDCLtz8bY, 80.000, 90.000
8kQnsUJEP_4, 10.000, 20.000
8k_aV4mEz94, 20.000, 30.000
8m2uZL2PqMs, 20.000, 30.000
8nCBg_EuS3k, 30.000, 40.000
8uDXjGqs7ro, 50.000, 60.000
8wwK1DZHXZg, 30.000, 40.000
91GCtSoNPqE, 0.000, 10.000
91HcrO0dw1g, 20.000, 30.000
931FefohlbA, 40.000, 50.000
95DvdNAC6IE, 100.000, 110.000
9AG9Rcbdq98, 40.000, 50.000
9Eoew1VEHEo, 180.000, 190.000
9F5bSydqGn0, 40.000, 50.000
9FNK87ppnog, 0.000, 10.000
9G-nQ7Ud1aQ, 10.000, 20.000
9JGdAEbme3Y, 10.000, 20.000
9JkQSotACZM, 40.000, 50.000
9K7HCoVvsXg, 10.000, 20.000
9KLv0RR6xiA, 20.000, 30.000
9LoDdANZIwg, 50.000, 60.000
9SpP079VAYw, 30.000, 40.000
9TdjBYLfS7g, 10.000, 20.000
9TxVsZjXCVM, 10.000, 20.000
9US2zkrY0NA, 10.000, 20.000
9VhFoz9bmWM, 10.000, 20.000
9YkOcQyUbKY, 90.000, 100.000
9_6DWdRdPM4, 90.000, 100.000
9a1KzIubxw8, 40.000, 50.000
9amGgMSVjpA, 70.000, 80.000
9baoh1DgoZA, 20.000, 30.000
9cl11FgzpaU, 100.000, 110.000
9dMQJcZcD5I, 0.000, 10.000
9dPiRSWl06E, 20.000, 30.000
9gOI1_wEuPs, 0.000, 10.000
9ptOhptuqUA, 0.000, 10.000
9qGEOvkKABE, 20.000, 30.000
9sWUP6Ecmgw, 90.000, 100.000
9tDZq-379-o, 80.000, 90.000
9vKranle5eU, 60.000, 70.000
9wdaoEFXToQ, 20.000, 30.000
9yQZGL6msYk, 40.000, 50.000
9zHI4qphDXE, 60.000, 70.000
A6G9uEuHxp8, 100.000, 110.000
A8vh2ucp3bA, 0.000, 10.000
ABCSgtiQCvM, 60.000, 70.000
ADplf6HEjdA, 50.000, 60.000
AEcNBXnPKU4, 0.000, 10.000
AEjfdYic5bs, 10.000, 20.000
AF1FxHnvvvg, 80.000, 90.000
AFJK8wVs-ds, 50.000, 60.000
AFkmihcnwv0, 110.000, 120.000
AG-0ra-pmmc, 10.000, 20.000
AGsPwYz6-SY, 0.000, 10.000
AHsBqcxLPaQ, 70.000, 80.000
AJe39gk3GFk, 10.000, 20.000
AJmL-F6c7wM, 70.000, 80.000
AKLiW8ibjIE, 10.000, 20.000
AKnHQmpKHEg, 50.000, 60.000
AMhfvxpn2iA, 0.000, 10.000
AN3aFNFXXt0, 20.000, 30.000
AVjm_N5qYAQ, 110.000, 120.000
AYVoitWmG6M, 30.000, 40.000
AZkCoa42lis, 30.000, 40.000
AcQ259OZZoQ, 10.000, 20.000
AfpPCPCwqq4, 0.000, 10.000
AkXAP0yFgxc, 80.000, 90.000
Al9oj4TgXv4, 400.000, 410.000
ArKKNUBS-R0, 50.000, 60.000
AruXXlokVkk, 0.000, 10.000
AuIM2NatauA, 20.000, 30.000
AvqCIiyctAo, 0.000, 10.000
AyI1IkYr9Ec, 100.000, 110.000
B-bmwvlR--U, 40.000, 50.000
B1akZZ-TMNo, 20.000, 30.000
B4AUtKFddKs, 20.000, 30.000
BBTAciSOgiU, 260.000, 270.000
BCfnxbq7t20, 30.000, 40.000
BDXGM5qwT_w, 80.000, 90.000
BIzh8dWqc8k, 90.000, 100.000
BMh-vvYwMVc, 70.000, 80.000
BNtt087Z8t8, 0.000, 10.000
BOwmitF2yqg, 0.000, 10.000
BUZ1va042dI, 20.000, 30.000
BUk2M6wOY3Y, 60.000, 70.000
BVOVcrjpLGc, 200.000, 210.000
BWi4A2CNWQc, 10.000, 20.000
BY9WR1EmvbI, 10.000, 20.000
BYbeCfQdtKs, 10.000, 20.000
Be6wYYxZUkY, 0.000, 10.000
BesF3XNhAkM, 0.000, 10.000
BfsTNagXSg8, 40.000, 50.000
Bow2JlBSnT8, 80.000, 90.000
BqA6jeltH6Q, 10.000, 20.000
BqN4CEnrElU, 30.000, 40.000
BvqiDcEIC78, 50.000, 60.000
BvsgHQC5K0M, 60.000, 70.000
ByZvbl_Pnx0, 40.000, 50.000
C2VeDxyMLHo, 170.000, 180.000
C9PhMCUaKSM, 10.000, 20.000
CARDNI59xOM, 60.000, 70.000
CA_AkXp0WDs, 560.000, 570.000
CBGRhuqfZBw, 10.000, 20.000
CCyWqBObsrw, 10.000, 20.000
CFyY0PWFsoc, 10.000, 20.000
CIDNbexuLTY, 160.000, 170.000
CJXXFjevV8k, 0.000, 10.000
CJsbO_niLKY, 40.000, 50.000
CM65vu_qcnM, 10.000, 20.000
CQwbZ8bQ-g4, 100.000, 110.000
CR7PXz6D1vU, 10.000, 20.000
CTOvFKCmyb4, 20.000, 30.000
CUlUUdmljb0, 30.000, 40.000
CUtbzo2jqkQ, 20.000, 30.000
CV7a8TgMuVs, 70.000, 80.000
C_ovBBWEXR0, 20.000, 30.000
CatgiTZ4R-o, 20.000, 30.000
CcEOC-SPVUY, 30.000, 40.000
CjveuFoU_dQ, 0.000, 10.000
CkELMYInmKA, 0.000, 10.000
CkXkPpaI7XM, 90.000, 100.000
ClHMePhiDEY, 30.000, 40.000
CnooURxIm9I, 100.000, 110.000
Cnuoth6_GXY, 60.000, 70.000
CoNXBK72Cj4, 20.000, 30.000
CofPJJbKHDs, 30.000, 40.000
CsfeJr0O7-A, 90.000, 100.000
CxaPpRJRkn0, 0.000, 10.000
D18XmeWSSq0, 0.000, 10.000
D1A2UowzCY0, 20.000, 30.000
D3z8efpXWyU, 10.000, 20.000
D5gUMbsduP4, 20.000, 30.000
D8vqS365gF8, 0.000, 10.000
DE_wiwzTWL8, 100.000, 110.000
DG2zHEzoTR8, 20.000, 30.000
DJ8Sfyoq6AU, 220.000, 230.000
DJ8qKlE8rBs, 100.000, 110.000
DKN3EnEP7RY, 60.000, 70.000
DMIthQNjjII, 10.000, 20.000
DNfmDjM9M6U, 0.000, 10.000
DNx23z9BUB4, 20.000, 30.000
DOylHYkp5IY, 440.000, 450.000
DOzc8GAQq8A, 20.000, 30.000
DQb9zWjsMk0, 90.000, 100.000
DQoH4QSsurI, 180.000, 190.000
DRGGKJzKy6Y, 60.000, 70.000
DT97WpbzvBM, 50.000, 60.000
DTxQws1zonY, 70.000, 80.000
DX4MtfxBSGo, 50.000, 60.000
DaHCvFYGPhw, 50.000, 60.000
Dbto10vEM5Y, 120.000, 130.000
Dcrd4wvHmzo, 60.000, 70.000
DiJIuaZtxAk, 0.000, 10.000
DjQmM5Xk5ew, 20.000, 30.000
Dk6ejT8ahOs, 20.000, 30.000
DkDxPkbrD5w, 10.000, 20.000
Dn3buZWMzwY, 20.000, 30.000
Dp4AJA2a5Kw, 10.000, 20.000
DpXD1Ndisfs, 10.000, 20.000
DrhspWrOIxo, 30.000, 40.000
DxmR46RUDVs, 30.000, 40.000
DyUs_MLR0dw, 90.000, 100.000
E27Pl4HaSC4, 40.000, 50.000
E5cv-INI2aw, 10.000, 20.000
E6C5mnVAfHc, 0.000, 10.000
E8s8nky6Jvs, 30.000, 40.000
EACFOawY6IY, 30.000, 40.000
EH3Pqigw3hc, 40.000, 50.000
EHbKmMaz504, 40.000, 50.000
EHeRbFbgETg, 0.000, 10.000
EITkjUQxErA, 20.000, 30.000
EIk26cyUjUM, 50.000, 60.000
EKrVvg8sstw, 50.000, 60.000
ENp6U2Yf0Wg, 30.000, 40.000
EPtk2WbRiCU, 150.000, 160.000
EPzN4F3A1C8, 10.000, 20.000
EQogQvM1SnA, 50.000, 60.000
EVaD73Z5FpY, 20.000, 30.000
EZM7UaQJmCI, 20.000, 30.000
EatHDeCASTE, 20.000, 30.000
EdxEkYhB9LY, 0.000, 10.000
Efm9daE2sVk, 450.000, 460.000
Eg6jva4tIVw, 30.000, 40.000
EjfQ2-5kaLQ, 40.000, 50.000
Ekmkcl6kPCg, 10.000, 20.000
ElJavQpLk0M, 70.000, 80.000
EnBkVoFG-hg, 20.000, 30.000
Eq4Ffak_w7o, 50.000, 60.000
EqZ0mfzGdxE, 50.000, 60.000
EuXmryf7iww, 20.000, 30.000
EuxMBJWWw4Q, 150.000, 160.000
EveEWyRJ0rc, 60.000, 70.000
EyiYrffEcac, 40.000, 50.000
F2HGfC6QSj4, 110.000, 120.000
F4B9pVfPywo, 20.000, 30.000
F7HBDiSOlK8, 20.000, 30.000
F7QtqKtllK0, 50.000, 60.000
F8GBLtadLpU, 100.000, 110.000
F9AzjYVesfs, 20.000, 30.000
FA8Hbf1BWb8, 20.000, 30.000
FCJcXN-uxhg, 30.000, 40.000
FCyyT3-qbv0, 280.000, 290.000
FDAlSF0UzCU, 20.000, 30.000
FFKlzna5ugI, 80.000, 90.000
FFtoSZBaMM0, 40.000, 50.000
FG3H2ShICeI, 40.000, 50.000
FHmfEGof4ic, 0.000, 10.000
FIvra2FX2WM, 140.000, 150.000
FKTkMDrDoXE, 50.000, 60.000
FL4GeB146SQ, 0.000, 10.000
FOJ1AESBjNc, 70.000, 80.000
FQ3w-nSu86A, 10.000, 20.000
FRtZdWE3otE, 10.000, 20.000
FUqmuNJ1ino, 50.000, 60.000
FXRePlpbkY8, 20.000, 30.000
FhPtQRQdHpo, 20.000, 30.000
Fi5gSFcMRlE, 130.000, 140.000
FjqsbchY4ME, 20.000, 30.000
Fm9MMRvkax0, 50.000, 60.000
Fqy5HtKH5VQ, 30.000, 40.000
FvC3NOCMdLo, 80.000, 90.000
FvtkONYelyc, 40.000, 50.000
FvyVBA0ga1Q, 110.000, 120.000
FwwjQjtpHC4, 20.000, 30.000
G-Fg7OK3nZE, 10.000, 20.000
G1qedo1F-0A, 10.000, 20.000
G38MSrqlFsI, 30.000, 40.000
G4F-tugeXY0, 70.000, 80.000
G5idkbxkQnU, 50.000, 60.000
G6ceJ_ZicSo, 10.000, 20.000
G9_Uf6YJPkY, 20.000, 30.000
GDFlTHdkGyo, 20.000, 30.000
GE8sxBOgTsw, 40.000, 50.000
GJerJsB0NqM, 10.000, 20.000
GN8KnJ90Xcw, 0.000, 10.000
GX7h6oED5ZM, 10.000, 20.000
G_UeLVN0zXM, 50.000, 60.000
Gd2Gq4RA0zM, 0.000, 10.000
Gdt3QPwKkis, 30.000, 40.000
Gg5LwxHGwFE, 10.000, 20.000
GiTniNdo9sw, 50.000, 60.000
Gj-o8e05CMk, 20.000, 30.000
GnPJETzTfKY, 90.000, 100.000
Gp4Vru9_ZAE, 20.000, 30.000
GwA6v83AS0M, 60.000, 70.000
GwoPejlelc8, 80.000, 90.000
GxhjzEsBPXM, 0.000, 10.000
GzAmzk8JJIc, 30.000, 40.000
Gzifz60xa7M, 50.000, 60.000
H2ynlgvLMDo, 80.000, 90.000
H4TzYAh2xpo, 40.000, 50.000
H5eL_q-SwCU, 20.000, 30.000
H7lz2i5bQ8I, 40.000, 50.000
H8_q1ovRwv8, 90.000, 100.000
H9hpzYJEsmA, 10.000, 20.000
HAfbg3deh3g, 140.000, 150.000
HCl4ubDyzNg, 10.000, 20.000
HCpE7cmP7ME, 80.000, 90.000
HDMdYNZ0FsI, 10.000, 20.000
HGqZz8V6oZQ, 0.000, 10.000
HJJf8wy_ztk, 160.000, 170.000
HKtxqY6kQLc, 30.000, 40.000
HPTycIovzxY, 100.000, 110.000
HPaZMxiUwnQ, 0.000, 10.000
HQmuQfHBpKc, 20.000, 30.000
HQpgkH2xGPg, 20.000, 30.000
HRIYovYGTnw, 20.000, 30.000
HS2cJyD0uS0, 120.000, 130.000
HVKlv--hcsY, 90.000, 100.000
HW3wUticT9I, 80.000, 90.000
HWZBH7i5rIQ, 10.000, 20.000
HdF-0CSF0Zs, 50.000, 60.000
HfqG8qVQNi4, 0.000, 10.000
Hics13errA4, 0.000, 10.000
HipppC0wRDY, 10.000, 20.000
Hjr1CYF7Pxo, 150.000, 160.000
HlRcP-FVlBQ, 0.000, 10.000
HmC_7U41AUk, 20.000, 30.000
HoBiU3uzwAs, 0.000, 10.000
HoBwJyxhy7k, 60.000, 70.000
Hv2rz5qTvXs, 10.000, 20.000
HvrrI-FWN1w, 10.000, 20.000
Hx_OMF8SxM4, 30.000, 40.000
HyQkCTP-Gyc, 70.000, 80.000
I7pP1vd2s1Y, 0.000, 10.000
I7pqY1J7tbg, 100.000, 110.000
I8jZLMfkHt0, 0.000, 10.000
IBBEpiZPpbo, 10.000, 20.000
IBk0mmqh1_A, 0.000, 10.000
IGyTprD7tcg, 110.000, 120.000
IH186bv83LI, 120.000, 130.000
IHd3Vhl8IKI, 80.000, 90.000
IJk15fn-LOM, 70.000, 80.000
IKowqdKx7rE, 10.000, 20.000
ILWL0AoA1sM, 180.000, 190.000
IL_wLVs4pGU, 30.000, 40.000
IOACQr_S6wA, 0.000, 10.000
IPGucOAtObM, 70.000, 80.000
IUQOQYbRRY0, 40.000, 50.000
IWR6ilR1guE, 80.000, 90.000
I_xoipedVak, 70.000, 80.000
IbKUfOPpBHQ, 0.000, 10.000
IbhNVbENavU, 0.000, 10.000
Id5ddSxBQYc, 10.000, 20.000
Idg8tlMck1g, 60.000, 70.000
IfaAr6LSnUk, 10.000, 20.000
IhtTLnJ1WFs, 140.000, 150.000
IixPEEV-7qE, 30.000, 40.000
IjHYN5RXyVk, 40.000, 50.000
Iq5v8gESkCM, 0.000, 10.000
IqOWSDwTvbg, 30.000, 40.000
IrbPc81EHRk, 10.000, 20.000
Ire78a8kKzM, 180.000, 190.000
Ishr8cHsJkc, 180.000, 190.000
It2qxREZnP8, 120.000, 130.000
IvrvvAkWM0g, 30.000, 40.000
Iwa7dUdwkGk, 30.000, 40.000
IxtaxS4yNec, 180.000, 190.000
IyZoyy7hA-4, 50.000, 60.000
IzJPWLp2dUk, 0.000, 10.000
IzkfnuVDP4o, 30.000, 40.000
IzusNOAyijY, 70.000, 80.000
J-4vV4YQcl8, 10.000, 20.000
J-pmavXnvSc, 30.000, 40.000
J1SnEs7g8hI, 20.000, 30.000
J1nW964G4N8, 10.000, 20.000
J24vTaUSAws, 0.000, 10.000
J7MvLJSIy8s, 130.000, 140.000
J8DIQV-Kb-8, 50.000, 60.000
J9NSb0qa1AE, 100.000, 110.000
J9c6xJtlLFU, 50.000, 60.000
J9ewqrhMuHk, 0.000, 10.000
JC2ZrXzCX4Y, 110.000, 120.000
JC4BxC83FRQ, 0.000, 10.000
JD2eVIzq5rU, 10.000, 20.000
JDvX1n6AJeU, 30.000, 40.000
JE2x_QM8X68, 10.000, 20.000
JEmHXM5KyF8, 10.000, 20.000
JGSOheeJx1o, 30.000, 40.000
JGu5Ja4Ueco, 10.000, 20.000
JJ8bVeIDkQo, 10.000, 20.000
JKir-UdSGdI, 0.000, 10.000
JKwoNZ1T-PU, 30.000, 40.000
JOtU2E6OSng, 10.000, 20.000
JPTVIlGz0qI, 310.000, 320.000
JS1FKnTugZc, 80.000, 90.000
JWwS4TNA3Z8, 60.000, 70.000
JX8fGqdUlc8, 0.000, 10.000
JXOesgXxWEo, 20.000, 30.000
JaVQZLuWBOo, 50.000, 60.000
Jk1Cuku5d8U, 30.000, 40.000
JkYRxHsGyBE, 60.000, 70.000
JlPhzhxpNW4, 30.000, 40.000
Jld-t8kdg9E, 120.000, 130.000
JplODCMoL94, 0.000, 10.000
JpqsFF1jRME, 10.000, 20.000
JrRI_tVzeGQ, 30.000, 40.000
Jrp6ixaAMTw, 30.000, 40.000
JuqEgPEfy4Q, 10.000, 20.000
JvFNcA_07XE, 10.000, 20.000
JvJkhK2Ddbg, 30.000, 40.000
JwN2qvSdFfw, 20.000, 30.000
JxXv85mZuMQ, 50.000, 60.000
JyU-8vVmQek, 60.000, 70.000
JzBEwbTPfnY, 110.000, 120.000
Jzc66pasXSg, 110.000, 120.000
K-7Y8yhcUiw, 60.000, 70.000
K03ydb1uaoQ, 40.000, 50.000
K18qNQ6kuug, 0.000, 10.000
K3A3VQVHH18, 100.000, 110.000
K42RTYgZSBo, 0.000, 10.000
K50_6LC-l2I, 10.000, 20.000
K54cmiAbCEQ, 170.000, 180.000
K6RuApC33J4, 20.000, 30.000
K6ax-C7w10E, 10.000, 20.000
KAItJUveVr4, 30.000, 40.000
KD069bw-fk8, 0.000, 10.000
KH_OSkfiJXI, 70.000, 80.000
KHe4M9xQobw, 110.000, 120.000
KKErVdvmIw4, 30.000, 40.000
KKQZI6kxsz0, 10.000, 20.000
KP8x14dIMtg, 10.000, 20.000
KPxTJj6CXcY, 50.000, 60.000
KTw23qweHpw, 10.000, 20.000
K_GK6PxcOYQ, 0.000, 10.000
KbJ0wJiY5cQ, 210.000, 220.000
KcwcBW-wWwA, 20.000, 30.000
KfsCyYHZhjM, 10.000, 20.000
KgTpYqqkM14, 110.000, 120.000
KjinuQ4NkyA, 0.000, 10.000
KkuqkwyhaAU, 20.000, 30.000
KosbOyPgkUk, 40.000, 50.000
KqbWPfGZJWs, 60.000, 70.000
KuKedT3hTOU, 130.000, 140.000
KuNFCISiU9E, 10.000, 20.000
KvVR4konq4w, 40.000, 50.000
KyHIWhU-3ZQ, 50.000, 60.000
KydknOkAiMo, 70.000, 80.000
KzGHYP446Mg, 30.000, 40.000
Kz_xD7-1pNA, 30.000, 40.000
L3V9aCJTUZs, 20.000, 30.000
L6C76okqOjQ, 50.000, 60.000
L6Gzrz5ess4, 50.000, 60.000
L71QGOYrpiM, 60.000, 70.000
L77rpdzefmI, 30.000, 40.000
LA4NIQy2qEI, 70.000, 80.000
LAc_du2vRYw, 20.000, 30.000
LBlh3dLBwA0, 20.000, 30.000
LBtKJ5e4xMs, 60.000, 70.000
LHbtY7tLiBM, 50.000, 60.000
LHl8KMgDWtw, 40.000, 50.000
LLpLwGZYQYs, 20.000, 30.000
LMYpbTRbaBk, 10.000, 20.000
LNDuY7m-f2k, 40.000, 50.000
LPBbil8cyhc, 0.000, 10.000
LPRireI8_RE, 0.000, 10.000
LRMn8ukqJ6A, 60.000, 70.000
LROypNZgg30, 40.000, 50.000
LVExduSNMmA, 30.000, 40.000
LVsouY-7Eis, 50.000, 60.000
LWHlee_5GSk, 20.000, 30.000
LWyM0eJH5Aw, 0.000, 10.000
LbLjmssPKms, 0.000, 10.000
LboVP-kuEVw, 160.000, 170.000
LcMZsrSN-LU, 30.000, 40.000
LdbvKfd59ks, 10.000, 20.000
Leo7Wdq3GuE, 240.000, 250.000
LjOOqHOlJeQ, 30.000, 40.000
LjTsuYAVFjU, 90.000, 100.000
Lm3HsnrDehQ, 130.000, 140.000
LuP1EhE8loY, 50.000, 60.000
LyoUY-7rfpo, 50.000, 60.000
M-rCjxGZ_Bg, 20.000, 30.000
M-uzLjuq_yQ, 40.000, 50.000
M0vwoUeXfLU, 30.000, 40.000
M11dqFcUj7g, 10.000, 20.000
M2E_XRaP1kw, 0.000, 10.000
M3VW4Ypw_3g, 10.000, 20.000
M5qkHhep4_w, 90.000, 100.000
M8u18Vcvojs, 30.000, 40.000
M9a2wxZ98sM, 20.000, 30.000
MDRJ8icmjgI, 350.000, 360.000
MEwOB0NTUfc, 40.000, 50.000
MIVc2ZPYsvg, 30.000, 40.000
MJTmkrvAxys, 50.000, 60.000
MJe_-XmjOvQ, 60.000, 70.000
MQKJAuy4LIg, 260.000, 270.000
MSQy9jfKDos, 100.000, 110.000
MUM_QSwoMqw, 20.000, 30.000
MXBSS-aVfr0, 70.000, 80.000
MXo8SrFiprs, 280.000, 290.000
MXtyTkOoOiM, 40.000, 50.000
MXycOXOVWBc, 50.000, 60.000
MYKXx1j7nC0, 0.000, 10.000
MZOHhFle-EU, 340.000, 350.000
M_vZhPICa9c, 10.000, 20.000
MaCy28VOvyI, 0.000, 10.000
MaIzV2bFSvI, 40.000, 50.000
MbynZUadYW8, 30.000, 40.000
Mcvgo80QdlI, 10.000, 20.000
Md1-IjFM90I, 60.000, 70.000
MgBue8c3adM, 110.000, 120.000
Mik2oE7zWXY, 20.000, 30.000
MkEwSAVDL5U, 20.000, 30.000
MmMGzFTko9E, 10.000, 20.000
MmS9c2_Jnbo, 20.000, 30.000
Mp2H3YX_RR8, 50.000, 60.000
MpYd6SDbVEc, 160.000, 170.000
MqeZ1Tksbbw, 0.000, 10.000
MrCm0omWfB0, 30.000, 40.000
MrkSa-KwHw8, 0.000, 10.000
Msy5HTFyzpU, 230.000, 240.000
MwMkttO36U8, 0.000, 10.000
N1hVzSBwuQc, 30.000, 40.000
NBCdr2p-vR4, 430.000, 440.000
NBsx08k6-Lo, 10.000, 20.000
NDYdbp2nE58, 0.000, 10.000
NDxuB51ywlM, 10.000, 20.000
NEl5aGVNWCs, 10.000, 20.000
NG_wRgL4z1k, 40.000, 50.000
NGrNTk7WtUg, 0.000, 10.000
NKscg2BOlCM, 30.000, 40.000
NPD59yt5lw4, 50.000, 60.000
NVtuoTheLLg, 30.000, 40.000
NXz_q_0lZt8, 80.000, 90.000
NYl5o6_iVxg, 10.000, 20.000
N_DKwq6c_iA, 40.000, 50.000
NbinuAiZzUY, 30.000, 40.000
Nd_cH_EEjW4, 0.000, 10.000
Ngm0ZuZXBPU, 20.000, 30.000
NjtFs61Zy0E, 40.000, 50.000
NlHjQRN4n0s, 60.000, 70.000
NmICZ2PkXJU, 30.000, 40.000
NohlPCwGsXQ, 70.000, 80.000
NpXPxTjcRag, 0.000, 10.000
NqwfcLcgghg, 170.000, 180.000
NrOuYN1-pEk, 60.000, 70.000
NrpZYegaB2Y, 30.000, 40.000
Nt5niDfwlC4, 20.000, 30.000
Nu5i9s1WVbs, 50.000, 60.000
NuFodvW88fo, 30.000, 40.000
NxuzionRzP0, 10.000, 20.000
O2Y2vAn5juI, 30.000, 40.000
O3GUz1t-HCY, 50.000, 60.000
O3vi3duY3mM, 40.000, 50.000
O8oc0bS5uQg, 0.000, 10.000
O9jCFxhNyg8, 0.000, 10.000
OA1AxlDwueA, 10.000, 20.000
OAo5TIWelL0, 0.000, 10.000
OBloRUdJEgM, 60.000, 70.000
OF1xXAPFSms, 50.000, 60.000
OG9OZIKzzcw, 130.000, 140.000
OH75rxpizxk, 20.000, 30.000
OHcrik4lqrA, 100.000, 110.000
OI3Z0nb2-TA, 40.000, 50.000
OJWPopqHSms, 30.000, 40.000
OK35eUd2VVo, 10.000, 20.000
OO80KayACjo, 30.000, 40.000
OPOBTHNgWlU, 90.000, 100.000
OUE5E1SJUfs, 0.000, 10.000
OUzsj4dMlkE, 70.000, 80.000
OYAjIJa6FlM, 60.000, 70.000
OZGOMnuMTsw, 40.000, 50.000
OaVBOjLVFi0, 70.000, 80.000
OafywlXa7Tg, 10.000, 20.000
OcwMwPyapGc, 20.000, 30.000
OezjyLEMJ_U, 40.000, 50.000
Of45ktMvkzQ, 320.000, 330.000
OhhODehB2Zc, 10.000, 20.000
Om9JiTx_fiw, 10.000, 20.000
OoeCTFX2LnU, 40.000, 50.000
OrsHnvVdUV8, 70.000, 80.000
OtA_FyCE9Pc, 30.000, 40.000
Otbwrm3MYWE, 30.000, 40.000
Ow6TtjLXUXE, 30.000, 40.000
P4jCqyA9rOw, 90.000, 100.000
PAYvEtQtmhM, 0.000, 10.000
PCX7rkapZ6s, 20.000, 30.000
PDrGsCdy898, 40.000, 50.000
PEdVIez9BuI, 20.000, 30.000
PGfMe0yqdXQ, 40.000, 50.000
PGm4NNvY28Q, 30.000, 40.000
PLolx4eLwiI, 20.000, 30.000
PQ8Dnl6ota8, 470.000, 480.000
PQb25YFtpWI, 10.000, 20.000
PRarm4uFO38, 10.000, 20.000
PRnu6gNqmEs, 60.000, 70.000
PRpC4678KDk, 30.000, 40.000
PTWKE3opFl0, 140.000, 150.000
PU0vOwcc0es, 200.000, 210.000
PVyIvY1RI7A, 60.000, 70.000
PZGRsYGG1rw, 0.000, 10.000
Pb3bnD21Uyo, 450.000, 460.000
Pb6DR5E7iuY, 10.000, 20.000
PcmEZauRNYA, 90.000, 100.000
PdS07rVYx-U, 100.000, 110.000
PgJn5COyxxY, 40.000, 50.000
Pi-pgLD05ig, 20.000, 30.000
PiNHDT1sQl8, 0.000, 10.000
Pis6lnFl-wk, 30.000, 40.000
PkD59ZVgWKc, 10.000, 20.000
PkU94pw6cuU, 0.000, 10.000
PpHTRj2v_GA, 70.000, 80.000
PpyZAWU2HFk, 30.000, 40.000
PtHj4vQ4HYc, 0.000, 10.000
PtW0cZVprJQ, 10.000, 20.000
Q53NwM_0_0k, 90.000, 100.000
Q5L3nN8fP_w, 80.000, 90.000
Q5h6goAbE8I, 140.000, 150.000
Q5q4RLBQY9Q, 30.000, 40.000
Q9xDZERzWwI, 110.000, 120.000
QDpzkViNPow, 270.000, 280.000
QHVo4W9agqM, 60.000, 70.000
QLVeNc6REjs, 20.000, 30.000
QPVchJIMjTY, 30.000, 40.000
QPkCGF2Pp0o, 60.000, 70.000
QQ6Dyma0SZg, 0.000, 10.000
QQoueYZihhg, 20.000, 30.000
QRgwDUdSHlo, 30.000, 40.000
QRlM_dBJVZ0, 30.000, 40.000
QSpo94OS95k, 520.000, 530.000
QTEn6-_ms_I, 10.000, 20.000
Q_eeVC6KELA, 30.000, 40.000
QdifhT7WuOA, 20.000, 30.000
Qgk-zCg3pWo, 90.000, 100.000
QiG-NcsplCU, 60.000, 70.000
QmfRSZAa_0g, 20.000, 30.000
QnTzVHhBrg4, 570.000, 580.000
QnYODpW5Ciw, 80.000, 90.000
QoTpUNWHkt0, 0.000, 10.000
QqlkJcye1to, 0.000, 10.000
QrjcSf3heWg, 100.000, 110.000
QvN7il1_3Ic, 10.000, 20.000
Qw53dcV7J68, 0.000, 10.000
Qz2jhO3gQ_8, 70.000, 80.000
QzLadl0Ysro, 40.000, 50.000
R0uQdw5_hOI, 500.000, 510.000
R5iG8b2CNWo, 30.000, 40.000
R9doyFPKGdY, 90.000, 100.000
RA4qTI5rDkM, 40.000, 50.000
RAfqNqbSQWU, 30.000, 40.000
RFaUaDMgvmM, 30.000, 40.000
RG43CW_NkNc, 0.000, 10.000
RGJYHFcVi-A, 30.000, 40.000
RI_Mfht5ybc, 60.000, 70.000
RNTTgBlMIOg, 30.000, 40.000
RPbJ0zyNF3Y, 10.000, 20.000
RQF7AlZvqA8, 60.000, 70.000
RQYykqk8cKs, 40.000, 50.000
RRpFoQjHaUw, 30.000, 40.000
RTY6pUGwZ3c, 270.000, 280.000
RVC-OosMI74, 0.000, 10.000
RYhXPtcWMY4, 0.000, 10.000
RZ9PlKwEWSk, 40.000, 50.000
RfAthhck_BI, 70.000, 80.000
RgmlxQndWPg, 160.000, 170.000
RhUGKesd-IE, 80.000, 90.000
RkEHEYKmFeU, 20.000, 30.000
RmSOEjYj0VU, 40.000, 50.000
RrQqU1xHXxM, 10.000, 20.000
Ru8sFq251XU, 230.000, 240.000
RudvVC-pag0, 100.000, 110.000
RvLYezb1Ds4, 10.000, 20.000
RvsJ4gw1Xrw, 10.000, 20.000
RxKbvL6KnKo, 30.000, 40.000
S-44GcqjHpU, 20.000, 30.000
S1TbGJ-EiKI, 60.000, 70.000
S3YpNTbKo9A, 40.000, 50.000
S5uFjpUS2vE, 0.000, 10.000
S66w3l3SKrM, 40.000, 50.000
S775H4491Hc, 270.000, 280.000
S8HhWWEAUAs, 60.000, 70.000
S9xRTloFOfo, 40.000, 50.000
SCow4mpBsGY, 0.000, 10.000
SDr8PAv2MIU, 10.000, 20.000
SIkqdklq9O0, 10.000, 20.000
SJspwrsTbD4, 10.000, 20.000
SKHWggncyjo, 0.000, 10.000
SMLZvna_HVk, 20.000, 30.000
SNqN15aniw4, 30.000, 40.000
SORxtw1SD3w, 10.000, 20.000
SP8o6md7Tdc, 120.000, 130.000
SULC89tVzbY, 0.000, 10.000
SWc348aZEBQ, 0.000, 10.000
SXJW-MORT8U, 20.000, 30.000
SanDV6erPNc, 20.000, 30.000
SbhAwK3Sypo, 26.000, 36.000
SejdskzpFIM, 90.000, 100.000
Sf4KYq7fNWI, 30.000, 40.000
SfLfY4O0dvY, 80.000, 90.000
ShzGlE6N7Hc, 40.000, 50.000
Sj4iG2UDJuI, 50.000, 60.000
Sm4rrUYTrTk, 30.000, 40.000
SpDN6XUSqr8, 100.000, 110.000
SryI8l9NTKk, 200.000, 210.000
Ss33EVYyAtY, 20.000, 30.000
SsR-eCXuxFs, 40.000, 50.000
StdDB4AqNcs, 20.000, 30.000
SxaLm-mc_3A, 70.000, 80.000
SxmK5lQrAOo, 100.000, 110.000
T-BBrRMI_3w, 60.000, 70.000
T0nhTMiiNZk, 60.000, 70.000
T3DaOW2TzUI, 140.000, 150.000
T4vvisuLrnM, 70.000, 80.000
T5zgdQIpuTM, 0.000, 10.000
T6hk7aQNc1A, 550.000, 560.000
T7PRZHNGA00, 70.000, 80.000
T98j2xSPmNI, 10.000, 20.000
TACk0yQ7tb0, 10.000, 20.000
TCRKHQ2I54g, 0.000, 10.000
TCcvn0XypSQ, 110.000, 120.000
TDAodr9RzOs, 80.000, 90.000
TDeFOowYxKk, 0.000, 10.000
TESKWqztz6s, 120.000, 130.000
TEaupIERwWo, 10.000, 20.000
TFCnz89BOpI, 110.000, 120.000
TFmzV0QwWn0, 0.000, 10.000
TGHjt-JqhCA, 30.000, 40.000
TJP3HnwwTnQ, 70.000, 80.000
TKN3eyZS-Fo, 20.000, 30.000
TPEZd382Nl8, 10.000, 20.000
TP_hpRThy4M, 0.000, 10.000
TRRGpTkyYTk, 30.000, 40.000
TUVO0H92nio, 20.000, 30.000
TW2GxN0-B6s, 60.000, 70.000
TWpFdKNd5AA, 10.000, 20.000
TYOcEVHexCo, 30.000, 40.000
TZRM6jUspaM, 80.000, 90.000
TaaSUqLLl_I, 80.000, 90.000
Tafz0y7nFlQ, 40.000, 50.000
TamvG07ybDk, 40.000, 50.000
TcQ0h2Vj5Tw, 20.000, 30.000
TdIvJ6wrfxw, 10.000, 20.000
Tejm88QZ14E, 150.000, 160.000
TevZ-0vtnjg, 140.000, 150.000
TiJ-Szo9yHQ, 50.000, 60.000
TnFuOLInubQ, 0.000, 10.000
Tof93_BEzko, 50.000, 60.000
TrWLam1ckCo, 10.000, 20.000
TsRXgIV9qjI, 160.000, 170.000
Tu1AQ59ORvE, 80.000, 90.000
TuwEgiTApZw, 170.000, 180.000
TyoMgUF2Qac, 90.000, 100.000
TzsTDTmR4yU, 0.000, 10.000
U0lo72RtWJ8, 0.000, 10.000
U0x7Ww9w0Ls, 90.000, 100.000
U6Gd8UpYiD4, 10.000, 20.000
U7_1E0lfZSU, 20.000, 30.000
U92FhTna4Xs, 0.000, 10.000
UBHvjD5AcgE, 0.000, 10.000
UELJw4Gz5Gs, 90.000, 100.000
UFNVIjVZ_Eo, 20.000, 30.000
UFs6q2tA0m8, 30.000, 40.000
UHC_8yeio94, 30.000, 40.000
UHNMlEXqNqc, 110.000, 120.000
ULZv-8QAqxw, 10.000, 20.000
UNLSeSegqXU, 20.000, 30.000
UOJfmOUIcjE, 0.000, 10.000
URMDEJ7XYbE, 10.000, 20.000
UVuURfwVt9g, 10.000, 20.000
UYKLHDs0ySM, 20.000, 30.000
UYrcuJh1Uno, 0.000, 10.000
UYyzJOS2HxU, 0.000, 10.000
UiXI3SqKjEo, 70.000, 80.000
UiixvrdY51Q, 110.000, 120.000
Uij3uSt7HrQ, 0.000, 10.000
UjdasmK1Bmw, 0.000, 10.000
Ujje3lSabsg, 0.000, 10.000
Umyx9TCiAS0, 10.000, 20.000
Uqj3IOMO0TU, 20.000, 30.000
UrSYiCKxSaM, 40.000, 50.000
Ut6oXfnnBBk, 10.000, 20.000
UuBzSIjiMNE, 0.000, 10.000
Uw7Mbr6d3fI, 50.000, 60.000
UxLH65VZsao, 0.000, 10.000
UxyVfrbhms4, 0.000, 10.000
V1GwbYcNkeI, 100.000, 110.000
V1TOvrQ6XOw, 10.000, 20.000
V8-4S63BRcE, 0.000, 10.000
V8CdoLsT7HA, 30.000, 40.000
V9_mJo4Gj3I, 50.000, 60.000
VAyJwVfAsjQ, 80.000, 90.000
VCV16OaJNtM, 40.000, 50.000
VCw84O02T2E, 30.000, 40.000
VIBW_YFxVew, 90.000, 100.000
VKRE4abj5uM, 70.000, 80.000
VOAHN54xJuE, 30.000, 40.000
VO_bVbMrh-8, 10.000, 20.000
VP-nFFYvmPE, 50.000, 60.000
VPSRpRgKh-U, 60.000, 70.000
VV5tiUatawI, 20.000, 30.000
VVQdMgKJgZA, 70.000, 80.000
VY5LmS_kkFo, 0.000, 10.000
VZLZ08k3YeA, 60.000, 70.000
VZc6Oe_7hwg, 40.000, 50.000
Va9zGPFqUjE, 30.000, 40.000
Vaz3jI-IwK4, 250.000, 260.000
Ven8Ph7eSCI, 90.000, 100.000
VeqMUBFT_BQ, 450.000, 460.000
VfopPCtk3yU, 20.000, 30.000
Vg-VNPaSyPU, 20.000, 30.000
VgDpfstr4-Q, 110.000, 120.000
VhCNhBJsg1g, 140.000, 150.000
VhwfTtYVNOY, 10.000, 20.000
ViwZGs0BPss, 10.000, 20.000
VlczHAEb5SY, 80.000, 90.000
VmgcypdYqFs, 0.000, 10.000
VqcjsLQM5jk, 50.000, 60.000
VrbMdQz0kow, 20.000, 30.000
VvFmLBMFhcI, 10.000, 20.000
W-buYKV0-t4, 50.000, 60.000
W1Q_UcuPqug, 210.000, 220.000
W2sopeJPtec, 20.000, 30.000
W33LoclkshU, 300.000, 310.000
W4dS75OI-_0, 10.000, 20.000
W56fyZBjsNQ, 80.000, 90.000
W9JrNDtX3nk, 170.000, 180.000
WEnCqOnF8SQ, 30.000, 40.000
WHZpr6uGjH8, 70.000, 80.000
WMmqA3L5gLk, 20.000, 30.000
WNTFXmmW6p4, 70.000, 80.000
WNd9hKCeZFU, 0.000, 10.000
WOpTXUlv1rY, 50.000, 60.000
WP8lfOhqBBs, 150.000, 160.000
WRzTHlF7FTM, 0.000, 10.000
WSUZIn-vhp8, 0.000, 10.000
WT49BXDMhJI, 40.000, 50.000
WU0lTGQUgTI, 20.000, 30.000
WUQpHkG0gaE, 500.000, 510.000
WZPloEuc9qk, 560.000, 570.000
WZyALwF93BI, 520.000, 530.000
W_cd3peSmCE, 40.000, 50.000
W_d7uQZ0MNw, 300.000, 310.000
Wc25rJOTUbM, 40.000, 50.000
Wc3E8BOb5CA, 0.000, 5.000
We8k1JHo3_g, 10.000, 20.000
WgQxK22Oiic, 0.000, 10.000
WkWf64Re4os, 120.000, 130.000
WmzSoBg2DmI, 0.000, 10.000
Wn_lNBCvVJk, 470.000, 480.000
WoQVS0cJMDo, 130.000, 140.000
WuS1UUCwULM, 10.000, 20.000
X-FZzKUH4z8, 10.000, 20.000
X-SIxuS7lKU, 0.000, 10.000
X-bgyO57Sq8, 20.000, 30.000
X3u3J7fKvZE, 80.000, 90.000
X5HHIJiGI38, 0.000, 10.000
XQiSr_pnrB0, 10.000, 20.000
XQlV26Wy7kM, 10.000, 20.000
XSBBqBxv93s, 10.000, 20.000
XUx_uIAz03I, 40.000, 50.000
XVHDmwTyeXc, 20.000, 30.000
XYFSuawd5_E, 10.000, 20.000
X_9LqwwFRgg, 40.000, 50.000
XaLpUByE5gU, 180.000, 190.000
XaYhebd1XUw, 220.000, 230.000
XdrUT8a7MvE, 10.000, 20.000
XehhftaqZuE, 10.000, 20.000
Xg0vs59skvg, 90.000, 100.000
XidY1vhVlxE, 60.000, 70.000
XlXXtBSwvcM, 20.000, 30.000
XocSrBP6RWA, 10.000, 20.000
XsEwKp1a2Rc, 10.000, 20.000
XvIX9jteXdI, 10.000, 20.000
XyZPTThAiyw, 190.000, 200.000
XyiJR6IKlIE, 30.000, 40.000
XzJ1H_DRkyQ, 20.000, 30.000
Xz_J18Js7V4, 10.000, 20.000
Y1jguu3Y4qA, 110.000, 120.000
Y1ym6MgMmFg, 10.000, 20.000
Y7eGkSrWqqo, 30.000, 40.000
YAMyFd_DjeU, 0.000, 10.000
YBmo7PUuMY4, 150.000, 160.000
YCsyW-bqcl4, 0.000, 10.000
YDGDS1RBbA0, 10.000, 20.000
YDgxxAdh18U, 10.000, 20.000
YE_YbB7SN_I, 10.000, 20.000
YEi20u2H_Ts, 20.000, 30.000
YGp_w8Yy-VM, 40.000, 50.000
YGrJY2NR__E, 0.000, 10.000
YHChgK1aBJA, 70.000, 80.000
YJbl14RiOBg, 40.000, 50.000
YL00Mhoy1s0, 10.000, 20.000
YM8cou28PJc, 10.000, 20.000
YP_FXRhk81A, 50.000, 60.000
YPxckNtPGcY, 440.000, 450.000
YRIuRB1EIt8, 0.000, 10.000
YRR7JHx0nwU, 0.000, 10.000
YS1b5aKz4lg, 20.000, 30.000
YS9YFx92HtA, 10.000, 20.000
YTeaZ6_OJns, 10.000, 20.000
YU2BAaMjRZo, 90.000, 100.000
YXey_OhjXqM, 60.000, 70.000
Y_6qG__7gv0, 40.000, 50.000
Yc8bwP2MqEA, 30.000, 40.000
YeN2pW6TsFg, 160.000, 170.000
YeT_GVv8p-M, 110.000, 120.000
YjtT-wkJfRE, 20.000, 30.000
Yor4bNGiWSk, 60.000, 70.000
Yt9Z1VP9xnc, 40.000, 50.000
YwMN9U4mHfk, 10.000, 20.000
YwfVl3EZoGE, 20.000, 30.000
Ywwk_vpWxwQ, 10.000, 20.000
Yyjmzg7Yc0U, 30.000, 40.000
Z0VcxU8iNKQ, 0.000, 10.000
Z1P2LcvM3s8, 10.000, 20.000
Z1deQetkHxo, 40.000, 50.000
Z25x0LugewQ, 190.000, 200.000
Z4Ri72iKd7M, 23.000, 33.000
Z5T7jLQ28Qc, 50.000, 60.000
Z5oJYll3RVg, 80.000, 90.000
Z7LBlwKmYMU, 30.000, 40.000
ZBW8u6wka7Y, 30.000, 40.000
ZFfzGXdIrPs, 120.000, 130.000
ZFgT_Rtvc8U, 50.000, 60.000
ZGL1k2zuGj0, 10.000, 20.000
ZH8i5EL8K30, 30.000, 40.000
ZIDLiWdVOtQ, 0.000, 10.000
ZJ5ZlDEJiIc, 0.000, 10.000
ZKTxyHqu0ls, 50.000, 60.000
ZNU2hgeDpWk, 20.000, 30.000
ZPzD1vM7McM, 240.000, 250.000
ZQKU_NAtDYs, 10.000, 20.000
ZZ9vipUMtlY, 30.000, 40.000
ZZLCtWt287g, 90.000, 100.000
ZaMCjmCzo9Q, 0.000, 10.000
Zby7ZJarcE0, 20.000, 30.000
Zeej7TYTyYc, 60.000, 70.000
ZfQ4eR-vK7g, 0.000, 10.000
ZkO3SkthKPY, 30.000, 40.000
Zm-IXJtxiDE, 70.000, 80.000
ZnQ7hYU3208, 10.000, 20.000
Zru69TNQhdI, 80.000, 90.000
Zv9UL-KrOGY, 10.000, 20.000
ZwOFZeMSV00, 190.000, 200.000
ZyhUDJLO-h0, 330.000, 340.000
Zz9NJV7ddz4, 160.000, 170.000
_2CTWjMtcSs, 0.000, 10.000
_5bo0C_CrQ4, 30.000, 40.000
_GwsSpgXrLk, 80.000, 90.000
_HmSNTt6EvU, 0.000, 10.000
_LoxmYqmWoQ, 50.000, 60.000
_ObWfw56cN0, 110.000, 120.000
_RK4UuROdXA, 80.000, 90.000
_Ri6aSwAsgY, 20.000, 30.000
_SlZauO39iU, 40.000, 50.000
_SmxJP4lU3Q, 10.000, 20.000
_TQIfyIZk_g, 0.000, 10.000
_i11EKMq7IQ, 50.000, 60.000
_iI48wcNPuU, 20.000, 30.000
_kMQLvRBjSI, 50.000, 60.000
_oVnVgJOi0A, 20.000, 30.000
_qV--tcVAbA, 0.000, 10.000
_rdrYxK4XIU, 20.000, 30.000
_sCRe2yk9t8, 50.000, 60.000
_vTwcF5saxg, 50.000, 60.000
_vxWAgPCL8g, 20.000, 30.000
_yzBGzW744w, 40.000, 50.000
a-JGp3sFmoY, 120.000, 130.000
a0l0mLYQzmg, 0.000, 10.000
a3AXRWNAXZs, 0.000, 10.000
a3iKChMxJGo, 80.000, 90.000
a6jE1CTLyRg, 180.000, 190.000
a6pSoQxsk4c, 0.000, 10.000
aB1h86JTerY, 30.000, 40.000
aBtbNQ6mDJg, 40.000, 50.000
aCHElSiv6WM, 0.000, 10.000
aEoQZmof-U4, 40.000, 50.000
aMdFx6j3L2E, 40.000, 50.000
aOzNAad2z9M, 50.000, 60.000
aPS0ZNvp2V8, 10.000, 20.000
aQL2wEbG2Fs, 70.000, 80.000
aSV-nut16bg, 80.000, 90.000
aSit2LuxgkA, 20.000, 30.000
aU-UEeWOhek, 0.000, 10.000
aZKv7cnuTv8, 10.000, 20.000
a_Rjlu50TfA, 0.000, 10.000
af_iEa_rViA, 0.000, 10.000
agi5bYXs9To, 80.000, 90.000
ahLO9AAAi4I, 140.000, 150.000
aiLI0zt9KWw, 10.000, 20.000
aiZ3vbfqH7w, 70.000, 80.000
alLpEXsPwnk, 30.000, 40.000
amCmjshoX0Q, 140.000, 150.000
amysIszDcD0, 30.000, 40.000
anRGTiwEtKQ, 0.000, 10.000
annIRTyNDTQ, 10.000, 20.000
apPHNwvyAKs, 50.000, 60.000
aq1bI9ruop8, 10.000, 20.000
au2ynxwHdfw, 10.000, 20.000
auFevFX79zs, 30.000, 40.000
avGjRgfzzSM, 0.000, 10.000
awAnS1sTX80, 0.000, 10.000
axmzwDkTHbI, 50.000, 60.000
ay3o_T_I0zg, 10.000, 20.000
aypNlHTADa4, 0.000, 10.000
b12pKZ_6daU, 0.000, 10.000
b1Jy_GiDkio, 0.000, 10.000
b1Q8utSjEvc, 70.000, 80.000
b1RK5lLj2As, 0.000, 10.000
b3EcxXRah7w, 40.000, 50.000
b4cDCqz0p-g, 0.000, 10.000
b5IOL-9-sIg, 40.000, 50.000
b9pCoBkndR8, 60.000, 70.000
b9tlJNHc2ew, 30.000, 40.000
bHw4iqSc6d8, 10.000, 20.000
bKBzhRvw_Zc, 10.000, 20.000
bSRqgFVWRvA, 20.000, 30.000
bSw2NLHd49k, 10.000, 20.000
bWFoSj3GyUI, 0.000, 10.000
bXa7pWK8Hqk, 20.000, 30.000
bd4pXHY5et4, 500.000, 510.000
bdORZBzE7Bk, 30.000, 40.000
bgscR_Jgu7Y, 10.000, 20.000
bky1LcCC3_k, 10.000, 20.000
blLdfAe72R8, 20.000, 30.000
bneOGU2J9n8, 60.000, 70.000
bopnTRKkEcE, 10.000, 20.000
bq5OAtZRS9U, 40.000, 50.000
bsUlhCWi6T4, 0.000, 10.000
bsf1YebBudA, 80.000, 90.000
btuT8sGLOXI, 10.000, 20.000
bvVRaAUIjYQ, 80.000, 90.000
byYSGX_DZuw, 140.000, 150.000
c1abqFU2fk0, 80.000, 90.000
c4Ouexpjexw, 40.000, 50.000
c5DPrfjcnsw, 30.000, 40.000
c76E8xa3trU, 30.000, 40.000
cBdL4P0VVAw, 160.000, 170.000
cDC_SS9Dwks, 10.000, 20.000
cEeCuEzg3Sw, 10.000, 20.000
cGKzEzxM79I, 60.000, 70.000
cGTxu75HWDE, 170.000, 180.000
cGxFJffza0c, 20.000, 30.000
cKU0bKG4rWI, 40.000, 50.000
cKsBrnjC-ZE, 10.000, 20.000
cOz0NvVnsRY, 20.000, 30.000
cPBgmCQfeME, 10.000, 20.000
cRGn3wg0r1I, 80.000, 90.000
cSV8heZs6j0, 100.000, 110.000
cTutuOzxuxM, 120.000, 130.000
cUlCe6oprX8, 30.000, 40.000
cVHyfF1XBSo, 20.000, 30.000
cYuAwZtHq-U, 50.000, 60.000
cZhKIzbjKW4, 0.000, 10.000
ca0ZBiYTMUU, 0.000, 10.000
cgv1mRu_z9s, 10.000, 20.000
cjiXCd2Syq8, 230.000, 240.000
cjlTP00ZfJk, 10.000, 20.000
ckzs7IezyLA, 0.000, 10.000
co86sI6yQYo, 150.000, 160.000
cowCZjpF6VY, 40.000, 50.000
cp-cFndaRcM, 0.000, 10.000
cqcBouzbKZY, 420.000, 430.000
ctVOFFZDWsI, 30.000, 40.000
cvMANFp-PNU, 40.000, 50.000
cy_vlIclVIk, 0.000, 10.000
d-OP2-GuXFg, 10.000, 20.000
d2ACORARS88, 30.000, 40.000
d45y4LnudqQ, 0.000, 10.000
d9B4rR5T9kM, 80.000, 90.000
dADr6479WTM, 170.000, 180.000
dPSASl-_CWk, 30.000, 40.000
dQ5F_j4kVgw, 20.000, 30.000
dQDIKplhYYo, 60.000, 70.000
dTFeifReAAM, 50.000, 60.000
dTdsVMH4lmM, 140.000, 150.000
dWe9FLAn_Ok, 0.000, 10.000
dXd7H7_bPMc, 60.000, 70.000
dYXTUpqce-0, 10.000, 20.000
dYZSKX7vuRI, 300.000, 310.000
dYaVx9-VFoA, 40.000, 50.000
dYdXzZDnTjM, 30.000, 40.000
dYpPVVHmE-c, 50.000, 60.000
dZUBkheUIX0, 20.000, 30.000
dZlCsmWc8dk, 10.000, 20.000
dakhkIv8pxQ, 10.000, 20.000
deakTdKhh38, 10.000, 20.000
dgkNTa5kHas, 10.000, 20.000
di5GOQ9o6Xw, 40.000, 50.000
dkLriXfkjWc, 60.000, 70.000
dkwLpvjRySM, 0.000, 10.000
dnFupCMS6eo, 20.000, 30.000
do9vsbTRu-c, 20.000, 30.000
dp1uFuH3VsY, 40.000, 50.000
dsxAuophdzk, 30.000, 40.000
dubTmw3-22w, 0.000, 10.000
dvELmFZ-Vck, 110.000, 120.000
dw1uKA7mFMM, 10.000, 20.000
dw1wC66qM98, 0.000, 10.000
dxGiwfNI41s, 10.000, 20.000
dxytyPvfF3s, 0.000, 10.000
dzdVqeM1nWg, 140.000, 150.000
e-DT9zFVTF4, 30.000, 40.000
e-_K5vuHbRs, 20.000, 30.000
e0oIYZeIDFA, 30.000, 40.000
e7J9W17hm1c, 50.000, 60.000
eBIeqktGy6I, 70.000, 80.000
eCD_-32__UM, 0.000, 10.000
eCokj2d1-1g, 50.000, 60.000
eEVU7HqtrKo, 70.000, 80.000
eGEcV_nIJNw, 90.000, 100.000
eN3pW6ZjU1Q, 20.000, 30.000
eOZ3FpULkCc, 10.000, 20.000
eQOVN-DxRmA, 0.000, 10.000
eRB1yBhbJ9E, 0.000, 10.000
eS5UfPm2P9I, 0.000, 10.000
eUbCdUkI75I, 0.000, 10.000
eXiY51F-eWM, 10.000, 20.000
eaWV18v_KfU, 20.000, 30.000
ebNAyxMrz5Q, 110.000, 120.000
ec8VEXyGJ38, 140.000, 150.000
ecGB2PBsY54, 380.000, 390.000
ecJx5sYZRmY, 10.000, 20.000
eeTP65f4Sn4, 20.000, 30.000
ekcHhXgy5l0, 0.000, 10.000
elg0YTt7wow, 0.000, 10.000
enHT8GT1mJs, 440.000, 450.000
enaI49cnsIw, 30.000, 40.000
eq7ZbFa-yQ4, 10.000, 20.000
eqVDAk-9_RE, 10.000, 20.000
es_DElgmqdg, 110.000, 120.000
etPXdKWuIoo, 20.000, 30.000
ev_YYiTtIKI, 250.000, 260.000
ewERBf3r55A, 0.000, 10.000
ewktw9F2Weo, 0.000, 10.000
f6r3kyYfkRo, 90.000, 100.000
f773gS0T_dQ, 40.000, 50.000
f7uCCp02FMM, 0.000, 10.000
f8hG8Kn0t84, 20.000, 30.000
fBYDJWChe5c, 20.000, 30.000
fBpi8BK-G4U, 40.000, 50.000
fDmIW5pEKxg, 50.000, 60.000
fG1pHRylZZk, 110.000, 120.000
fKY6pnvgCVk, 130.000, 140.000
fL1PBAHmQBs, 50.000, 60.000
fL7Uq_1zeeE, 0.000, 10.000
fMQSgZcu2Ac, 50.000, 60.000
fPHwEfbFPxo, 30.000, 40.000
fSAs-T-WRso, 0.000, 10.000
fSDxsF8xAng, 40.000, 50.000
fdWQ_BHuXRo, 110.000, 120.000
ff840aoXcYk, 10.000, 20.000
fh1OUccB-Bk, 40.000, 50.000
fj8VJcuBZa8, 0.000, 10.000
fjEyRXPYrP0, 10.000, 20.000
fnHHj8AEdfw, 10.000, 20.000
foRp03d4xJk, 110.000, 120.000
fw3akiYGlic, 30.000, 40.000
g-CqUaJ4usE, 110.000, 120.000
g-UDJVpWRD8, 10.000, 20.000
g-m6uaEWMSo, 10.000, 20.000
g39hfrAurhU, 50.000, 60.000
g3ZC3vVooR4, 50.000, 60.000
g42pU0B4iRg, 10.000, 20.000
g5sDOmkCt_Y, 20.000, 30.000
g6YNEozRzyU, 0.000, 10.000
g9Gee77RhiI, 0.000, 10.000
gAMpXTGUO_Y, 90.000, 100.000
gBWqfhMGy_M, 0.000, 10.000
gDHtHNpKBAc, 0.000, 10.000
gFITbPn7Tv4, 260.000, 270.000
gR4Ow6QEH0U, 40.000, 50.000
gSdeNUIHQ1E, 10.000, 20.000
gU3-ybrgSBo, 60.000, 70.000
gUWRGZLp2zM, 70.000, 80.000
gWeiXk-RiUE, 140.000, 150.000
gWiLZX6uUcA, 80.000, 90.000
gX_0AqNpQlU, 30.000, 40.000
gaG3kCB67Fw, 10.000, 20.000
gbhbisF4_sE, 0.000, 10.000
gcEXBZtcBzs, 30.000, 40.000
gcjsOHa23SM, 13.000, 23.000
gdxQeNArwWc, 30.000, 40.000
ge6oDJ9cbb4, 20.000, 30.000
gip4hl49NcY, 10.000, 20.000
glWo2TC_1v4, 40.000, 50.000
gntkUOw8GXY, 40.000, 50.000
gqn_eeor8Lc, 150.000, 160.000
gschXBXjw5w, 0.000, 10.000
gsidfV9SBCc, 50.000, 60.000
gv2s9AKxLlE, 120.000, 130.000
h014W0lKTe8, 20.000, 30.000
h0UTredeLKo, 30.000, 40.000
h0hA2oIAcvg, 10.000, 20.000
h1J3m3tAgfM, 0.000, 10.000
h1Txj-vqK34, 0.000, 10.000
h48iaS-jxhw, 0.000, 10.000
h5RuUslNZq8, 0.000, 10.000
h5hr19kxf-I, 80.000, 90.000
h7uYXwTbyYE, 110.000, 120.000
h8lgRD33vos, 180.000, 190.000
h9yznaK0UL4, 10.000, 20.000
hBmcqwS4rYo, 0.000, 10.000
hCi1UfJmchk, 40.000, 50.000
hDMHIDJdfDA, 40.000, 50.000
hDUAa6cf_VI, 50.000, 60.000
hIVjbk8CgRU, 40.000, 50.000
hIX1iVbPx0w, 60.000, 70.000
hL44w6Oj4wg, 30.000, 40.000
hRCOQJirSKs, 0.000, 10.000
hTUF59gv68A, 20.000, 30.000
hUu_wEJY22o, 0.000, 10.000
hWcQFsJ2i4Y, 80.000, 90.000
hWe83VZ3CKU, 80.000, 90.000
hb4BRhly8Uk, 90.000, 100.000
hda5q5D6f30, 0.000, 10.000
he08LUQETuY, 30.000, 40.000
heptZreTr_Q, 10.000, 20.000
hf-JJh8mBKA, 0.000, 10.000
hhGBmoh6Rok, 0.000, 10.000
hilPzCDIxo8, 10.000, 20.000
hjR7awLx-ZQ, 20.000, 30.000
hkooLgtbI58, 10.000, 20.000
hky_1_uTJnI, 20.000, 30.000
hlPtFwk3_b8, 10.000, 20.000
hnRAlTccm-k, 20.000, 30.000
hqsX4qI04Oc, 60.000, 70.000
hsAnIv1pOx0, 140.000, 150.000
ht8D0j5Okgg, 50.000, 60.000
hy_-MyUqiyw, 0.000, 10.000
i0FEu9Fz9iQ, 80.000, 90.000
i2r7TmiZooo, 90.000, 100.000
i3BWnPsQPa8, 30.000, 40.000
i4zzIM7ua-0, 20.000, 30.000
i6M0BNXBR7o, 180.000, 190.000
i89Rk8SwDvw, 110.000, 120.000
iAXyrmDuBb0, 20.000, 30.000
iBADWLy4kaI, 100.000, 110.000
iDdiLLw8uoM, 0.000, 10.000
iFPgF3A3omo, 50.000, 60.000
iJ_KDyKML_E, 140.000, 150.000
iKEDZHYyo2Y, 20.000, 30.000
iKggeiRW4XU, 50.000, 60.000
iMi-yZT25LE, 10.000, 20.000
iN38yxY4MBk, 20.000, 30.000
iSQ11OoI6R8, 20.000, 30.000
iSgUGMEjCQ4, 10.000, 20.000
iTbNTSApNPE, 10.000, 20.000
iVr-ZU2eYZU, 320.000, 330.000
iYQ92zhN_X8, 0.000, 10.000
ic9xxOhy5p4, 60.000, 70.000
idd3QF4QACY, 0.000, 10.000
ifKpiFeYWlk, 110.000, 120.000
insc63Lirw0, 20.000, 30.000
ipzs_rpnf8Q, 130.000, 140.000
ivEPVTc_V0o, 50.000, 60.000
iwj_PQPral0, 0.000, 10.000
ixaVHv5vqlw, 10.000, 20.000
iyL9b3NDefo, 20.000, 30.000
iz4mTAHkk1k, 60.000, 70.000
j0GKVcl-uRc, 60.000, 70.000
j0Tg5R88Jyc, 50.000, 60.000
j0ZFih09F8Y, 70.000, 80.000
j4QA8ataTfs, 20.000, 30.000
j4QeBlGO3Do, 30.000, 40.000
jC3nCKor-7U, 10.000, 20.000
jHt9SL4a-Go, 60.000, 70.000
jIrOAUMjYHQ, 20.000, 30.000
jKGWb2mbY-U, 0.000, 10.000
jKcTEJWhfeY, 50.000, 60.000
jKfrBNEGDwQ, 0.000, 10.000
jMz590c-Tow, 140.000, 150.000
jRltOqiCIJ4, 60.000, 70.000
jRoMnsAMwD4, 30.000, 40.000
jSpxOsOUqSc, 120.000, 130.000
jZCRIyoNGPQ, 10.000, 20.000
j_5ZTr_sk6Y, 50.000, 60.000
j_ZEf-vMo4o, 0.000, 10.000
jb0aHG37PWI, 0.000, 10.000
jcSvycCvUqk, 10.000, 20.000
jcomnFCrvfA, 110.000, 120.000
jdCw86PiqMM, 10.000, 20.000
jdtEFFrUTa8, 50.000, 60.000
jfJc7JCDm5k, 30.000, 40.000
jgREpBfnWo0, 0.000, 10.000
jhGKgN90myI, 10.000, 20.000
jpO3-RyFkQs, 50.000, 60.000
jpm5b0-EwVM, 40.000, 50.000
jrNIXdCehBQ, 100.000, 110.000
jrz9b_LVDR0, 10.000, 20.000
js3gMXUxhSo, 530.000, 540.000
jvJwxhtVt-U, 90.000, 100.000
jviaGVJm9w8, 20.000, 30.000
jzAJ75Y4qsw, 40.000, 50.000
jzfK0w5dTpw, 250.000, 260.000
k08u67m23c8, 50.000, 60.000
k1qlTgt4Mxo, 0.000, 10.000
k7MyVf1Sd58, 60.000, 70.000
k7hPgsXtZro, 40.000, 50.000
kAW3V9nFHd0, 20.000, 30.000
kB_B-E3fRNI, 0.000, 10.000
kCGmGYdiAFY, 40.000, 50.000
kEu-w7UbCPE, 490.000, 500.000
kN0J4ytiX3A, 20.000, 30.000
kNCk3dg7rgs, 130.000, 140.000
kNGXPjQB9RU, 0.000, 10.000
kNm99aeADrY, 10.000, 20.000
kNoXFqC4klU, 40.000, 50.000
kQIMHWQgM0c, 50.000, 60.000
kQNUo-nhtDs, 210.000, 220.000
kRBvrsQSs18, 10.000, 20.000
kgqQMsI424g, 100.000, 110.000
kiP78co-vfw, 60.000, 70.000
kjeXJ-0Ezzo, 50.000, 60.000
kjjRwjLj2Lo, 50.000, 60.000
kkOJsWRDfxw, 140.000, 150.000
knrO_pKZaJ8, 50.000, 60.000
ktTH2R4I9aQ, 10.000, 20.000
ku7jPRKdx9k, 10.000, 20.000
kuLIuCOSloY, 100.000, 110.000
kwC9_qrgrU0, 170.000, 180.000
l3FhNC69OUo, 0.000, 10.000
l486Orke-yI, 70.000, 80.000
l5CwI_WONvo, 50.000, 60.000
l5HyDkzKgMM, 30.000, 40.000
l9f6ajqbvxE, 20.000, 30.000
lAizHZ0RnBM, 40.000, 50.000
lBQz05XWTxc, 30.000, 40.000
lDVofENC9oU, 0.000, 10.000
lFczCzorN7E, 30.000, 40.000
lHmhYcegkI8, 130.000, 140.000
lIhzSg2-RS8, 60.000, 70.000
lKT-goNG96g, 0.000, 9.000
lKgl39my9l4, 280.000, 290.000
lMKLUaokqG8, 30.000, 40.000
lP_2BYZivkQ, 10.000, 20.000
lPbflES85_Q, 70.000, 80.000
lPnU2Qe62sU, 40.000, 50.000
lQXFEOlN0tc, 70.000, 80.000
lRGxE4FfxNk, 30.000, 40.000
lReFHTDWPzo, 20.000, 30.000
lRnLj2GIdvk, 0.000, 10.000
lTd5AmsOIUU, 10.000, 20.000
lTfNLKEy1RU, 120.000, 130.000
lUWEPGAe048, 40.000, 50.000
lUpoXDQymgM, 380.000, 390.000
lWKIlvx3htU, 40.000, 50.000
lXhLUWN7WZc, 50.000, 60.000
lYKlgVLXUrc, 20.000, 30.000
lYOpVm2w_gw, 30.000, 40.000
lYVXbfw7ZOU, 50.000, 60.000
lZ9tpXv7sUo, 10.000, 20.000
lZFdg8nj17I, 40.000, 50.000
lawza_mlQ8U, 30.000, 40.000
lbW7btmep6Q, 10.000, 20.000
ld9qe2J9Huk, 80.000, 90.000
le8uw8WGxsA, 0.000, 10.000
lgaSbf3ufaE, 70.000, 80.000
lhZF9e1KKsw, 20.000, 30.000
lm_nWEe6gp8, 50.000, 60.000
ln8f6cki1f8, 0.000, 10.000
ltzRs0cIdZQ, 20.000, 30.000
luYWAHJjN8c, 20.000, 30.000
luyMU0zLuaI, 80.000, 90.000
lv9J6TXCXQE, 30.000, 40.000
lxgt_ZacMxs, 100.000, 110.000
m-m-SaAl7OE, 30.000, 40.000
m0SrKf5myEg, 0.000, 10.000
m1elM4EDEug, 100.000, 110.000
m3icX4Qzawo, 30.000, 40.000
mC2ctW0XM1Q, 10.000, 20.000
mF28O9zNgVs, 50.000, 60.000
mGDXcyEUozE, 0.000, 10.000
mHhAwCZFz-Y, 110.000, 120.000
mIp_YiaVTLU, 50.000, 60.000
mJtz9vaHXtc, 170.000, 180.000
mQOxGgUq5dU, 40.000, 50.000
mShASBZ6umA, 30.000, 40.000
mXYMfuogo3w, 40.000, 50.000
mXopAG_fjP4, 10.000, 20.000
mYe4PyoRqE8, 110.000, 120.000
mZnYGU8_sBk, 30.000, 40.000
ma70rbLVN5c, 0.000, 10.000
mbKzucwVVOE, 0.000, 10.000
meblm4o7qdU, 20.000, 30.000
mgBC829bN4U, 50.000, 60.000
mhSIy1OruFs, 20.000, 30.000
mlZOqtAgiHc, 50.000, 60.000
mn6bl73sEhY, 10.000, 20.000
mn824q6UoMg, 140.000, 150.000
mnNa70XSE0A, 10.000, 20.000
mnQUsFKHVeI, 70.000, 80.000
mnqe8qcjXuM, 30.000, 40.000
mpNxdQjHhto, 120.000, 130.000
mpPoErVZs3s, 70.000, 80.000
mpukikvLNRY, 200.000, 210.000
mqq7nPNkdrI, 70.000, 80.000
msaGtIrD8dQ, 20.000, 30.000
muH7itU9y54, 10.000, 20.000
mvOj5TnU4vs, 50.000, 60.000
mvZ8-cyzqOY, 0.000, 10.000
mvwrt4vz72Y, 40.000, 50.000
mz3tFIFw8iQ, 160.000, 170.000
n-P_OLxAtH4, 10.000, 20.000
n1JIY0yyPF8, 170.000, 180.000
n3BlU9eUzS8, 80.000, 90.000
n67LR4YKPxQ, 490.000, 500.000
n9gChts4V2c, 60.000, 70.000
nA0AI0tWqSg, 10.000, 20.000
nBjd2Kb4uGA, 20.000, 30.000
nBr10qrRV8k, 10.000, 20.000
nDin7ug5g6M, 0.000, 10.000
nEVWRQqAWZE, 0.000, 10.000
nFgJKULJHHw, 70.000, 80.000
nHArHj2Kdqc, 0.000, 10.000
nIhNrf1MG-A, 20.000, 30.000
nKzgMJLMxxw, 30.000, 40.000
nMHK7UXquIk, 20.000, 30.000
nOPw7Q4MbwY, 20.000, 30.000
nU0XYlNVccc, 160.000, 170.000
nU3XxruErcY, 70.000, 80.000
nUsf6Ylqi88, 40.000, 50.000
nUyZwc_uVjk, 50.000, 60.000
n_1blRUJebs, 60.000, 70.000
ndP3Ho6IIH4, 20.000, 30.000
ngaYiqvCi4s, 50.000, 60.000
ngibv4_sKPw, 0.000, 10.000
nhXgL9iT4gI, 20.000, 30.000
niwgMbB6tpQ, 10.000, 20.000
nl9jX-HRROU, 20.000, 30.000
nn8UQPwuGZs, 0.000, 10.000
np5ttRbFvNw, 30.000, 40.000
nwK8h4KnfB0, 40.000, 50.000
nxePwZonM7c, 130.000, 140.000
nxjXLOrd3R4, 20.000, 30.000
nyalJ4CSwMY, 40.000, 50.000
o-F0pmp0Uy4, 40.000, 50.000
o1JGNm22Zy8, 80.000, 90.000
o1oGInX97N4, 60.000, 70.000
o4pxsprVLGg, 10.000, 20.000
o6QsWCeU2pw, 30.000, 40.000
o9DhyfMThHE, 10.000, 20.000
oDS-n6hM2Xc, 10.000, 20.000
oER2sU-DvXI, 50.000, 60.000
oFiA12sNPyo, 20.000, 30.000
oI8lfKExOxc, 0.000, 10.000
oJWG2XBa7lk, 40.000, 50.000
oKM4GZDw0VA, 40.000, 50.000
oQJuQpXuUA4, 70.000, 80.000
oR4axGJb728, 150.000, 160.000
oRs5ObHhBz0, 90.000, 100.000
oSi05AX7VhQ, 120.000, 130.000
oTMgx1a0qIA, 40.000, 50.000
oUFs08hPQOk, 40.000, 50.000
oUxTEvjvE_4, 20.000, 30.000
oYKfsMpkwo0, 120.000, 130.000
oYQY0Y7-ZSE, 40.000, 50.000
oYeQwSeU7AM, 0.000, 10.000
oZBqxEHUOQc, 0.000, 10.000
oZKsd6APIdQ, 20.000, 30.000
obBmWqmqw6I, 120.000, 130.000
offBLWGmv-Q, 0.000, 10.000
ojlPlYBoIwc, 40.000, 50.000
okjKi_ouub4, 30.000, 40.000
omnmljk8WjE, 0.000, 10.000
ongm6CBqzcs, 50.000, 60.000
onzsfmjowwo, 120.000, 130.000
oqFizhHjK0w, 70.000, 80.000
or--zKi9RpQ, 60.000, 70.000
ot7wi_C44M0, 40.000, 50.000
otBMbrrIkXo, 0.000, 10.000
otFifQN033o, 0.000, 10.000
ovV8RvTVJco, 30.000, 40.000
ovky8sz4ZWg, 50.000, 60.000
oxxsR1f3C6U, 0.000, 10.000
ozbxyOfHgtQ, 60.000, 70.000
p-gBN2rshI8, 230.000, 240.000
p2Vu2H0_47Q, 50.000, 60.000
p63MZybGpfI, 60.000, 70.000
p7SL0PiSMuA, 150.000, 160.000
p7kdH9Za2VA, 10.000, 20.000
pBWM1b6tAT4, 40.000, 50.000
pBu1rmkPT0Y, 180.000, 190.000
pD0Tyn_LLHU, 30.000, 40.000
pDvj-e_I5Ag, 20.000, 30.000
pEkhRub2klc, 10.000, 20.000
pFkL6kBL6ME, 120.000, 130.000
pI5dcPUpyrc, 110.000, 120.000
pJPn3bgqzyE, 30.000, 40.000
pJYhsCHLM88, 0.000, 6.000
pKDG2X2ZWuk, 10.000, 20.000
pKTFsnX2SSA, 30.000, 40.000
pKosbI8efeM, 60.000, 70.000
pLFE0_E3QqE, 0.000, 10.000
pPsaItD3YBs, 20.000, 30.000
pQESzWQQDgs, 30.000, 40.000
pR3pPJC5DFA, 170.000, 180.000
pSXhKYdisGw, 0.000, 10.000
pUj0ToPfEp4, 30.000, 40.000
pWMXPuNqwME, 20.000, 30.000
pWdMxRAhkZs, 30.000, 40.000
pWfohMG9zsI, 80.000, 90.000
pWjG5f3MIDE, 10.000, 20.000
pXM0WdTRjD0, 30.000, 40.000
pY5l0Iv_9sU, 140.000, 150.000
pYdwLn02aeM, 70.000, 80.000
paWd0AqTGzA, 20.000, 30.000
pbc6tPB6iAg, 40.000, 50.000
pdPOB8lBMGk, 30.000, 40.000
pdpxyT1cfXE, 150.000, 160.000
pf2yj_P02f4, 40.000, 50.000
pgHj25z7mPo, 10.000, 20.000
phitxI0k6L4, 50.000, 60.000
phuc8ZzdjA4, 100.000, 110.000
pjCWsR0uVCg, 30.000, 40.000
pkFDzPqq4eU, 10.000, 20.000
pkJGyJr9IeA, 10.000, 20.000
pmeh7ocxLP4, 0.000, 10.000
pnls3ZMlZbI, 0.000, 10.000
prqpbV8gsdI, 40.000, 50.000
psztkARM2NE, 10.000, 20.000
ptYqElH1Utw, 80.000, 90.000
putmuBlvyIM, 30.000, 40.000
pv3cXeXd1Zk, 260.000, 270.000
pw4I3Q0ChX0, 10.000, 20.000
pwuy9LkJHlk, 40.000, 50.000
q3IWS0NRiz0, 30.000, 40.000
q6zctKT6knY, 0.000, 10.000
q80_8toiKp4, 50.000, 60.000
qANzmiK68G8, 100.000, 110.000
qDmfl8GJoTw, 60.000, 70.000
qDuLh-cCJ04, 70.000, 80.000
qE0kv1MVWZg, 20.000, 30.000
qF-ic9KOWVs, 40.000, 50.000
qFPt3n5ro40, 130.000, 140.000
qFotsuDCCkw, 20.000, 30.000
qGiWd1b1ed8, 20.000, 30.000
qHsWqsXros0, 30.000, 40.000
qI-xdpSxWnI, 30.000, 40.000
qJ5c5hN8kJE, 10.000, 20.000
qLvR31vUT7w, 10.000, 20.000
qNCot42QcPQ, 30.000, 40.000
qR5oIZdprKQ, 40.000, 50.000
qRvosLacd5Q, 20.000, 30.000
qSCJ8puefpo, 20.000, 30.000
qU75_nJa5tQ, 30.000, 40.000
qVFDGlp63Hc, 30.000, 40.000
qWLuleckhOc, 170.000, 180.000
qXKELVpfwm8, 20.000, 30.000
qZI6vsO8d7I, 260.000, 270.000
q_nmd9qNa74, 0.000, 10.000
qaf2ASkYp44, 30.000, 40.000
qbnHjdeqL40, 80.000, 90.000
qd_QdgakcOo, 0.000, 10.000
qebYNP91oN4, 60.000, 70.000
qh5uHw-aQnk, 10.000, 20.000
qhxp3SC27Ig, 30.000, 40.000
qjgqs56SO9s, 40.000, 50.000
qkO1fHvCi8E, 10.000, 20.000
qlUcGEk8OXk, 0.000, 10.000
qpqJxuiacNs, 280.000, 290.000
qqBzft_3deM, 0.000, 10.000
qth0XiPwFcE, 0.000, 10.000
qwo5egAXEzY, 40.000, 50.000
qwoPDSuIaXE, 0.000, 10.000
qwyt-PHXUZ4, 50.000, 60.000
qya_ZpkAoxg, 30.000, 40.000
r-8pw93EkYI, 130.000, 140.000
r3Itp9yCFEg, 40.000, 50.000
r3Vu7lvvX4I, 30.000, 40.000
r4KgtHVgu-c, 0.000, 10.000
r6um-6yJWcY, 20.000, 30.000
r9O_XUaqJyI, 30.000, 40.000
rBEhAP8kmIQ, 50.000, 60.000
rBUnZCy5x-A, 10.000, 20.000
rDHef6r9XtI, 10.000, 20.000
rERQt_Y_1V0, 0.000, 10.000
rEltR7lE8R4, 20.000, 30.000
rFLwvRBakM0, 10.000, 20.000
rHmFsRZQZE4, 40.000, 50.000
rIje1lLyp8Y, 60.000, 70.000
rJY4EOcEopM, 40.000, 50.000
rLtodiBrpow, 30.000, 40.000
rMLiwxIXhgM, 110.000, 120.000
rTNW_bBuwUk, 30.000, 40.000
rVDBbVZ077o, 320.000, 330.000
rX8JXJ1biLM, 0.000, 10.000
rb7wq0UOhPk, 20.000, 30.000
rbXzrD1V-Hc, 40.000, 50.000
rbZOyG-cx5I, 90.000, 100.000
rbZSJttxgNw, 20.000, 30.000
rdC9L8sGqZw, 30.000, 40.000
rfOimEnKLeg, 20.000, 30.000
rjDXp9BCx4Y, 40.000, 50.000
rk-5TRzwbCo, 80.000, 90.000
rlLjEZv7h5Y, 30.000, 40.000
rm-vqTpsE5Q, 30.000, 40.000
rwh8wY_-if0, 50.000, 60.000
rx3fVFSjqoE, 100.000, 110.000
ry_Q1V2J_As, 0.000, 10.000
s062cOxA8ZY, 20.000, 30.000
s4CTXNjrr0A, 80.000, 90.000
s5Lp1qsdZuU, 20.000, 30.000
s9VKzJoNNEc, 10.000, 20.000
sAam2NqGhLY, 20.000, 30.000
sJfAJkVs69w, 60.000, 70.000
sLkeqCDJIyw, 120.000, 130.000
sOhlM5Df5AQ, 20.000, 30.000
sPWvlp_Qkuc, 10.000, 20.000
sSHDSo26dbo, 10.000, 20.000
sSHVsAgBMVc, 10.000, 20.000
sSMl2vc3e_k, 20.000, 30.000
sTUjF_Xp03Q, 10.000, 20.000
sXaYvll8VOw, 10.000, 20.000
sYtxzeauvOg, 20.000, 30.000
saWzxjpmky4, 70.000, 80.000
seQs2HUnPFA, 10.000, 20.000
sfd9T3evZLg, 20.000, 30.000
shbKkfJonD8, 90.000, 100.000
sjOhaWAyEwI, 10.000, 20.000
slW6ScuGiOY, 50.000, 60.000
sme0yeYniY0, 60.000, 70.000
snM6YcSu_VY, 70.000, 80.000
sncRqQ67iJU, 460.000, 470.000
soSSLDeaHN0, 10.000, 20.000
spJCm8tD9Zo, 90.000, 100.000
suyfbpYVKQg, 70.000, 80.000
svEQv-Kn_t4, 30.000, 40.000
swinRFEi1b8, 80.000, 90.000
sypvljwwK4U, 160.000, 170.000
syyyCQcHSfQ, 60.000, 70.000
t4KT3yyRnrU, 40.000, 50.000
t4ZLiPANIzM, 40.000, 50.000
t4nWegXetPg, 40.000, 50.000
t6KeLJbqCK8, 0.000, 10.000
t6MBqx5hjVw, 100.000, 110.000
t7beUXqArZk, 450.000, 460.000
t8tv5YRMJUg, 0.000, 10.000
t9ArjXzegSw, 10.000, 20.000
tB5oTYQJXUg, 90.000, 100.000
tC6IpFrED-c, 160.000, 170.000
tEqFE1YtFFo, 20.000, 30.000
tF7AQXq5T1Y, 20.000, 30.000
tFsy-8TTUxE, 30.000, 40.000
tLoiEpfIHR4, 50.000, 60.000
tMyboIIPrXQ, 30.000, 40.000
tOS-H_W3Qqk, 50.000, 60.000
tOzQTv0Nc-M, 30.000, 40.000
tPUZOqK6a3M, 40.000, 50.000
tSl21rt_8DQ, 20.000, 30.000
tTOC5mwsNoQ, 150.000, 160.000
tU83qqoaxFw, 0.000, 10.000
tUO48FxvqrE, 10.000, 20.000
tVrmFlGXTq8, 20.000, 30.000
tX1rkHnj8QQ, 90.000, 100.000
tXALVEqXWo8, 0.000, 10.000
tfAW5gyJ_S4, 40.000, 50.000
tjMvXr111pU, 0.000, 10.000
tkqJswwHa9k, 40.000, 50.000
tpG6ysNhMUY, 0.000, 10.000
tpv-1vCknO8, 10.000, 20.000
tqMmfZIl94I, 20.000, 30.000
tsfzZSROdo4, 10.000, 20.000
txkAMfBFkgE, 10.000, 20.000
ty1xDRr2-t4, 0.000, 10.000
tyRiLmFgMEA, 20.000, 30.000
u144zxm2bRg, 100.000, 110.000
u1G52IZ8Cbk, 30.000, 40.000
u2MBIdidanE, 10.000, 20.000
u3O1y9CN0fk, 160.000, 170.000
u65QfFA-TxQ, 40.000, 50.000
u6sVk8Xkmec, 80.000, 90.000
uEGmSXjPm4c, 20.000, 30.000
uEOJaMH4JLM, 0.000, 10.000
uF4k2iihF_w, 10.000, 20.000
uIk-yrWhbaY, 0.000, 10.000
uJG-JEeTXr4, 60.000, 70.000
uQ0qubhRR2Q, 10.000, 20.000
uSyyPtczxtU, 80.000, 90.000
uUduTh2ZzwI, 50.000, 60.000
uUyB1TgaDFE, 100.000, 110.000
uVD_CgAujMg, 130.000, 140.000
uXVJ3NkEZyk, 30.000, 40.000
uc8v4aEsAhM, 10.000, 20.000
ud7_X9t1-4M, 60.000, 70.000
udgKV1-Fi_4, 10.000, 20.000
ujMt0-D-x2k, 0.000, 10.000
ukOdocDVd80, 50.000, 60.000
uln4khwaf7E, 190.000, 200.000
uoUCPWJfEgQ, 90.000, 100.000
uq9i7LEAmQ0, 10.000, 20.000
uti5ldnfeS0, 10.000, 20.000
uwrFGlGnDu0, 40.000, 50.000
uy8KyIllHhE, 0.000, 10.000
uzO8bUOd6ck, 0.000, 10.000
v-WqmgKJJrM, 10.000, 20.000
v0C1Bs2unok, 20.000, 30.000
v5JAmkyRk4c, 20.000, 30.000
v6D2ibID0UY, 40.000, 50.000
v7qze-s6koY, 0.000, 10.000
v82l2TYzLnw, 50.000, 60.000
vB3VaGv_nPo, 100.000, 110.000
vCpmdAGbPP8, 10.000, 20.000
vFwZTZUOoBI, 10.000, 20.000
vHF-_ap6yxI, 250.000, 260.000
vHZQht-r5fg, 10.000, 20.000
vIYrc23SCf0, 30.000, 40.000
vJrjSeP17yE, 40.000, 50.000
vK9N2fN5UKY, 0.000, 10.000
vL_J9I3PFxw, 20.000, 30.000
vN7NokdkJlA, 0.000, 10.000
vNW_l-G2Duc, 0.000, 10.000
veRqCvc9QXw, 280.000, 290.000
vn947ratzic, 40.000, 50.000
vp79nndMSUY, 40.000, 50.000
vr719DikOQg, 20.000, 30.000
vtIKN1ediiE, 80.000, 90.000
w-I25vwmQhw, 10.000, 20.000
w02RC-xStmI, 0.000, 10.000
w2JXXIAdUdg, 10.000, 20.000
w4Hko2YuXGg, 80.000, 90.000
w4Zte-pNGEU, 30.000, 40.000
w6jTUhghAVU, 30.000, 40.000
wCt_6lVY1gc, 20.000, 30.000
wHlBSb6a9c0, 0.000, 10.000
wPIPqICmmPE, 20.000, 30.000
wPQKY6sMDeI, 0.000, 10.000
wPnsy44uxw0, 10.000, 20.000
wUCwl3W3V9o, 140.000, 150.000
wVCmvVtMiTw, 90.000, 100.000
wVVIjDDycKk, 40.000, 50.000
wVaMAssdZVs, 30.000, 40.000
wWGGGynn3Fw, 80.000, 90.000
wWN-BqGYJGs, 40.000, 50.000
wWQPCqOY0HM, 40.000, 50.000
wYnPfJyPJKc, 40.000, 50.000
wYu0nZ6ghuc, 10.000, 20.000
waeIEWCEsp8, 200.000, 210.000
wbMMt6lgv6k, 40.000, 50.000
wbjx532-pME, 30.000, 40.000
weV1SsJ3Jag, 10.000, 20.000
wg38Y-nkJQI, 40.000, 50.000
wg9p4cJFu7A, 170.000, 180.000
wkwg8_7SJOg, 30.000, 40.000
wnF0_lXnkGs, 40.000, 50.000
wnnHcidRREw, 90.000, 100.000
wnpB-4kWW2o, 0.000, 10.000
wo6M8gIBEnI, 60.000, 70.000
wsH_hywSG6M, 0.000, 10.000
wsI_uTH5zb0, 10.000, 20.000
wst2cd-pMYA, 10.000, 20.000
wt39zY03MPI, 20.000, 30.000
wwz3mYZ1t1s, 20.000, 30.000
wy0SNCp6b00, 10.000, 20.000
x1ulW_aTE2g, 30.000, 40.000
x5aZd05ApOo, 40.000, 50.000
x5h5sKp7j3c, 20.000, 30.000
x8dBWBQo8PY, 70.000, 80.000
xBFju3wjPfw, 30.000, 40.000
xBLM00t4Ag4, 10.000, 20.000
xBRvPCGexs4, 20.000, 30.000
xCBvRBB9sGM, 0.000, 10.000
xEsB2WX4eA8, 0.000, 10.000
xJ_Bf5TT2X0, 40.000, 50.000
xJvApernoL4, 0.000, 10.000
xLGq083v1M0, 20.000, 30.000
xM43gOQGvxU, 30.000, 40.000
xQuvb_wecxI, 0.000, 10.000
xS6SjCEQsdg, 260.000, 270.000
xSfemSQSBjQ, 70.000, 80.000
xUQfKvJUg7s, 20.000, 30.000
xVN49Kj9NXw, 30.000, 40.000
xVSMZp7l8vw, 150.000, 160.000
xWAVbE-wn50, 30.000, 40.000
xWJr4mNiX7s, 20.000, 30.000
xWfN5uzTypk, 20.000, 30.000
x_OSzgL0tJo, 40.000, 50.000
xcAm7D6Oij8, 60.000, 70.000
xeURQrj8Pc4, 20.000, 30.000
xfnVgZJzKU8, 10.000, 20.000
xiqHrUKmPJE, 20.000, 30.000
xkh4FKuZTww, 60.000, 70.000
xleYAQNxg94, 0.000, 10.000
xpydGpe-wUI, 170.000, 180.000
xrPwmCFAyB4, 40.000, 50.000
xsxjI9oWca0, 20.000, 30.000
xuTKwmKQw1Q, 20.000, 30.000
xu_Q9Xp0rTc, 40.000, 50.000
xvp1xuH5_pQ, 80.000, 90.000
xwz6gPusPPA, 50.000, 60.000
xytkoYk_Bf4, 90.000, 100.000
xzKKf9bKNUo, 10.000, 20.000
y1CeHqwe_NY, 0.000, 10.000
y65zFT_Uy1Q, 10.000, 20.000
y7OYBmQEFBc, 0.000, 10.000
yAAk7zRHStE, 40.000, 50.000
yAeL2iU1LJo, 0.000, 10.000
yAhJBJcJQPg, 10.000, 20.000
yAn_htCzCos, 80.000, 90.000
yCc92iTYnOs, 40.000, 50.000
yFRLZY-_QJc, 50.000, 60.000
yHRLqGdgc6I, 40.000, 50.000
yI0To_lIIYw, 30.000, 40.000
yL-kJ8L2mmM, 50.000, 60.000
yL3gKa6YLoM, 40.000, 50.000
yMB7v6DQ730, 30.000, 40.000
yOSmRAK0Xy4, 190.000, 200.000
ySZQ1NrnX6Y, 10.000, 20.000
yTIG4-PwRWE, 30.000, 40.000
yTgrjLOGpiY, 50.000, 60.000
yTzMPv7IdXQ, 30.000, 40.000
yVsUbk7LRRc, 20.000, 30.000
yWOeusquiJk, 20.000, 30.000
yZBD0vEMRsY, 50.000, 60.000
y_oU8QfMgwI, 160.000, 170.000
y_vT7UUhmvs, 0.000, 10.000
yeSfVtnb9hU, 60.000, 70.000
yggoYiBXueo, 370.000, 380.000
ygzDxlvP-W0, 20.000, 30.000
yhLjAy-Ev14, 20.000, 30.000
ylffRmbOWdY, 30.000, 40.000
yqD4xf9M4xY, 100.000, 110.000
yrTqAYH5OM0, 30.000, 40.000
yv2SWPaxsRo, 10.000, 20.000
ywEfSiMpx5E, 20.000, 30.000
yxqnm-GR2v0, 40.000, 50.000
yyuuiFG_Ihk, 80.000, 90.000
yzQmvFyFM_g, 20.000, 30.000
z-8Tfagz4KI, 160.000, 170.000
z-c6nQUcuXo, 10.000, 20.000
z11n7rI1xfc, 60.000, 70.000
z2-ZsDmAumg, 110.000, 120.000
z215-ZWVy-E, 10.000, 20.000
z2HcHDTuc6M, 30.000, 40.000
z2dHVKtV0vw, 50.000, 60.000
z4UwfWoTYe4, 0.000, 10.000
z6YcHSMRdaY, 80.000, 90.000
z7X9TUqSchw, 0.000, 10.000
z7jxI-on14A, 120.000, 130.000
z9FbXQAbEdA, 70.000, 80.000
zDCSxNmi8wU, 30.000, 40.000
zDP-iXuZokM, 0.000, 10.000
zEP3oUfie8Q, 390.000, 400.000
zF0erhhIl_w, 190.000, 200.000
zGQdICF6wz4, 40.000, 50.000
zIKzSkaTG2U, 0.000, 10.000
zId6UwLVAbo, 150.000, 160.000
zIwa1M5Es88, 0.000, 10.000
zKOEdFvgKIE, 0.000, 10.000
zPDCYjTXimY, 20.000, 30.000
zY7xhmkELXo, 20.000, 30.000
z_Cd0Jl4THY, 50.000, 60.000
zao4esO7mB8, 200.000, 210.000
zbxrAWbi-NQ, 80.000, 90.000
zezYyC4AsO0, 220.000, 230.000
zfaFrevp7JQ, 30.000, 40.000
zg-GP0to720, 40.000, 50.000
zhHLleIs8sE, 40.000, 50.000
zkhgHnyL5bk, 20.000, 30.000
zmE1OXW2qRs, 10.000, 20.000
zom85VGG6tk, 20.000, 30.000
zrkC7uHkm4c, 0.000, 10.000
zt6cGnOlVRg, 20.000, 30.000
zvLcOfhGcGo, 0.000, 10.000
zvjApO8sl5E, 20.000, 30.000
zzvWbSyZfr0, 0.000, 7.000
